"Card_Number","Card_Name","Category","Item_Name","Pull_Qty","Open_Qty","PRN_Qty","Unit","Lawson_Number","Bin_Location","Notes"
"M-68103","ARTIFICIAL URINARY SPHINCTER  - FIGLER, B","Supply / Disposable",", 00888937015478Stay Surgical Elastic Single H Ook 5mm Blue3311-1G","8","0","8","EA","","HBROR - A1C3-27014783","Required"
"M-68103","ARTIFICIAL URINARY SPHINCTER  - FIGLER, B","Supply / Disposable",", 10884521713291Blade Electrode 6.5 In 50/Ca O- 010890 D-004976E1551-6","1","1","0","EA","","HBROR - A3C1-12050936","Required"
"M-68103","ARTIFICIAL URINARY SPHINCTER  - FIGLER, B","Supply / Disposable",", 10884524000077Pad Ground Electrode Adl 30lb D-319853-026613 R-01420E7507","1","1","0","EA","","HBROR - A3C1-41100642","Required"
"M-68103","ARTIFICIAL URINARY SPHINCTER  - FIGLER, B","Supply / Disposable",", 10884524000053Pencil Cautery Electrosurg W/Holster 50/CaE2516H","2","2","0","EA","","HBROR - A3C1-6050934","Required"
"M-68103","ARTIFICIAL URINARY SPHINCTER  - FIGLER, B","Supply / Disposable",", 00085412001050Set Irrigation Cysto W/Cath 81In Ad Pr Clamp D-0108352C4040","1","0","1","EA","","HBROR - A3C3-24052011","Required"
"M-68103","ARTIFICIAL URINARY SPHINCTER  - FIGLER, B","Supply / Disposable",", 10885380072437Tubing Suction Noncond 20ft St Maxi-Grip 20/CaCFN620A","1","1","0","EA","","HBROR - A3C3-4001943","Required"
"M-68103","ARTIFICIAL URINARY SPHINCTER  - FIGLER, B","Supply / Disposable",", 20884527005557BOWL SOLUTION 16OZ POLY DISP ST LF 75/","1","1","0","CA","","HBROR - A3C4-2001407","Required"
"M-68103","ARTIFICIAL URINARY SPHINCTER  - FIGLER, B","Supply / Disposable","00","6","1","0","EA","","","Required"
"M-68103","ARTIFICIAL URINARY SPHINCTER  - FIGLER, B","Supply / Disposable",", 00801741076114Fastener Foley Statlock Bard 25/Bx N-339998FOL0102","1","0","1","EA","","HBROR - A3C5-6 050091","Required"
"M-68103","ARTIFICIAL URINARY SPHINCTER  - FIGLER, B","Supply / Disposable",", 00810019800306Pack Gown Standard Xlg 1004d W /Towel Ster1004D","1","1","0","EA","","HBROR - A4C1-2004682","Required"
"M-68103","ARTIFICIAL URINARY SPHINCTER  - FIGLER, B","Supply / Disposable",", 10705031039643Sut Vicryl 4-0 Sh Ndl 27in Undyed J415hJ415H","6","2","4","EA","","HBROR - A4C6-10004653","Required"
"M-68103","ARTIFICIAL URINARY SPHINCTER  - FIGLER, B","Supply / Disposable",", 10705031059375SUT MONOCRYL 4-0 PS2 18IN SUT UNDYED MONOFIL ABSORB 1Y496G","2","2","0","EA","","HBROR - A4C6-34000810","Required"
"M-68103","ARTIFICIAL URINARY SPHINCTER  - FIGLER, B","Supply / Disposable",", 10884521104372Stapler Skin Appose 35 Wide 12/Bx 48/Ca D-027582-10108886803712","1","1","0","EA","","HBROR - A5C2-22051924","Required"
"M-68103","ARTIFICIAL URINARY SPHINCTER  - FIGLER, B","Supply / Disposable",", 00382904051822NDL SPINAL QUINCKE POINT 20GA 25/","1","1","0","BX","","HBROR - A5C3-18000527","Required"
"M-68103","ARTIFICIAL URINARY SPHINCTER  - FIGLER, B","Supply / Disposable","182","4","0","5","EA","","","Required"
"M-68103","ARTIFICIAL URINARY SPHINCTER  - FIGLER, B","Supply / Disposable",", 00382903096534SYRINGE 50ML LL 40/BX 4BX/","1","1","0","CA","","HBROR - A5C3-3000610","Required"
"M-68103","ARTIFICIAL URINARY SPHINCTER  - FIGLER, B","Supply / Disposable","653","3","0","9","EA","","","Required"
"M-68103","ARTIFICIAL URINARY SPHINCTER  - FIGLER, B","Supply / Disposable",", 00848340000003Decanter Bag Ca/50 O-00174110-102","1","0","1","EA","","HBROR - A5C3-37052155","Required"
"M-68103","ARTIFICIAL URINARY SPHINCTER  - FIGLER, B","Supply / Disposable",", 10885380107979Drape Cover Mayo Stand 30/Ca8337","1","0","1","EA","","HBROR - A5C5-8002056","Required"
"M-68103","ARTIFICIAL URINARY SPHINCTER  - FIGLER, B","Supply / Disposable",", 00707387507343DRAPE IOBAN STERI INCISE SM 35CM X 35CM 10EA/","2","2","0","BX","","HBROR - A5C6-19000416","Required"
"M-68103","ARTIFICIAL URINARY SPHINCTER  - FIGLER, B","Supply / Disposable","0EZ","6","6","4","EA","","","Required"
"M-68103","ARTIFICIAL URINARY SPHINCTER  - FIGLER, B","Supply / Disposable",", 10705031203532Adhesive Skin Dermabond Advanc D 12/Bx O 128446 N-389DNX12","2","1","1","EA","","HBROR - A6C2-32051163","Required"
"M-68103","ARTIFICIAL URINARY SPHINCTER  - FIGLER, B","Supply / Disposable",", 00878953004938KIT ACCESSORY AMS 800 SPHINCTER URINARY CONTROL SYS 720066-01","1","1","0","EA","","HBROR392556Dispenser Foam Pump 4oz Hibicl Ens57541EA110HBROR448590PACK MINOR UROLOGYDYNJT7137EA110HBROR007346","Required"
"M-68103","ARTIFICIAL URINARY SPHINCTER  - FIGLER, B","Supply / Disposable",", 00888937015638Stay Surgical Elastic Single H Ook 12mm Yellow3350-1G","2","0","2","EA","","HBROR014782","Required"
"M-68103","ARTIFICIAL URINARY SPHINCTER  - FIGLER, B","Supply / Disposable",", 10705031054370Sut Vicryl Plus 2-0 Violet Ur- 6 Ndl 27in Vcp602hVCP602H","2","1","1","EA","","HBROR025070","Required"
"M-68103","ARTIFICIAL URINARY SPHINCTER  - FIGLER, B","Supply / Disposable",", 10884521709874COVER WAND RF DETECTABLE ST01-0020","1","0","1","EA","","HBROR025178","Required"
"M-68103","ARTIFICIAL URINARY SPHINCTER  - FIGLER, B","Supply / Disposable","/3 Towels127338A","1","1","0","EA","","HBROR032790Pack 4 Gown W","Required"
"M-68103","ARTIFICIAL URINARY SPHINCTER  - FIGLER, B","Supply / Disposable","/CA S-317945/444131 2F7114","0","0","0","EA","","HBROR032867Glove Dpc Latex Free Biogel GLVDPC1EA000HBROR032869Glove Dpc Duraprene Plus PfGLVDPC3EA000HBROR032870Glove Dpc Pi ProtexisGLVDPC4EA000HBROR032871Glove Dpc Ortho ProtexisGLVDPC5EA000HBROR032872Glove Dpc Blue ProtexisGLVDPC6EA000HBROR032873Glove Dpc Micro ProtexisGLVDPC7EA110HBROR051941SOLN IRRIG H2O ST 1000ML BTL 12","PRN / Inactive"
"M-68103","ARTIFICIAL URINARY SPHINCTER  - FIGLER, B","Supply / Disposable",", 20080196692955Sponge Super Prep 6x6.75 O-002328NON25854","1","1","0","EA","","HBROR052795SLEEVE SCD KNEE LENGTH MED 21IN BLENDED EXPRESS KENDA9529BPR330HBROR053921Chloraprep 26ml Orng St O-050864930815EA110HBROR054986","Required"
"M-68103","ARTIFICIAL URINARY SPHINCTER  - FIGLER, B","Supply / Disposable",", 80080196288419Legging Lithotomy Convt R-002147DYNJP2461","1","1","0","EA","","HBROR220255","Required"
"M-68103","ARTIFICIAL URINARY SPHINCTER  - FIGLER, B","Supply / Disposable",", 00707387775162Blanket Upper Body R-00137442234","1","1","0","EA","","HBROR224118","Required"
"M-68103","ARTIFICIAL URINARY SPHINCTER  - FIGLER, B","Supply / Disposable",", 10888277107465Tip Suction Yankau Std On OffOR164","1","1","0","EA","","HBROR266357","Required"
"M-68103","ARTIFICIAL URINARY SPHINCTER  - FIGLER, B","Supply / Disposable",", 00801741029509BAG DRAINAGE URINE 2000ML 48IN TUBE ANTI REFLUX CHAMB154002","1","0","1","EA","","HBROR315222","Required"
"M-68103","ARTIFICIAL URINARY SPHINCTER  - FIGLER, B","Supply / Disposable",", 10192253Drsg Gauze 5x9 St Xeroform R-0533978884433605","1","1","0","EA","","HBROR315421","Required"
"M-68103","ARTIFICIAL URINARY SPHINCTER  - FIGLER, B","Supply / Disposable","HBROR341292, 10080196739714Drape Surg 77x53in Fanfold Rei Nforced AuroraDYNJP2414","0","4","7","EA","868220","","Required"
"M-68103","ARTIFICIAL URINARY SPHINCTER  - FIGLER, B","Supply / Disposable",", 10080196998593Tray Skin Prep O-000455DYND70661","1","1","0","EA","","HBROR347533","Required"
"M-68103","ARTIFICIAL URINARY SPHINCTER  - FIGLER, B","Supply / Disposable",", 00801741029738Cath Foley Silc 12fr 5ml Ball 12/Ca N-001478165812","1","0","1","EA","","HBROR356599","Required"
"M-68103","ARTIFICIAL URINARY SPHINCTER  - FIGLER, B","Supply / Disposable",", 10885380142994Drape Lithotomy 35x44x102in Lf St Disp29455","1","1","0","EA","","HBROR357149","Required"
"M-68103","ARTIFICIAL URINARY SPHINCTER  - FIGLER, B","Supply / Disposable",", 10080196745500Cover Table 44x90 R-002057DYNJP2311","1","0","1","EA","","HBROR362962","Required"
"M-68103","ARTIFICIAL URINARY SPHINCTER  - FIGLER, B","Supply / Disposable",", 00801741074141TRAY CATH FOLEY 16FR 5CC BALLOON DRAIN BAG PVC SURESTA947316","1","1","0","EA","","HBROR386430","Required"
"M-68103","ARTIFICIAL URINARY SPHINCTER  - FIGLER, B","Supply / Disposable",", 10888277407947Instr Yankauer Open Tip W/O Ve Nt StOR87","1","1","0","EA","","HBROR395028","Required"
"M-68103","ARTIFICIAL URINARY SPHINCTER  - FIGLER, B","Supply / Disposable",", 10080196845095DRESSING GAUZE ROLL 3.4INX3.6YD 6 PLY COTTON LF ST BUNON25861","2","2","0","EA","","HBROR422025","Required"
"M-68103","ARTIFICIAL URINARY SPHINCTER  - FIGLER, B","Supply / Disposable",", 00197344103662SUPPORT SCROTAL LARGE ATHLETIC ADJUSTABLE WAISTBAND RORT2240L","1","1","0","EA","","HBROR449327","Required"
"M-68103","ARTIFICIAL URINARY SPHINCTER  - FIGLER, B","Drug / Medication","OR injection builder (0 mL)","1","0","1","EA","","Pharmacy","PRN"
"M-68103","ARTIFICIAL URINARY SPHINCTER  - FIGLER, B","Drug / Medication","bupivacaine 0.25%-EPINEPHrine 1:200,000 (MARCAINE-PF w/EPI) injection (30 mL)","1","0","1","EA","","Pharmacy","PRN"
"M-68103","ARTIFICIAL URINARY SPHINCTER  - FIGLER, B","Drug / Medication","gentamicin injection 40 mg/mL (6 mL)","3","3","0","EA","","Pharmacy","Open"
"M-68103","ARTIFICIAL URINARY SPHINCTER  - FIGLER, B","Drug / Medication","sodium chloride 0.9 % bacteriostatic injection (250 mL)","1","1","0","EA","","Pharmacy","Open"
"M-68103","ARTIFICIAL URINARY SPHINCTER  - FIGLER, B","Drug / Medication","sterile water for irrigation (1,000 mL)","1","1","0","EA","","Pharmacy","Open"
"M-68103","ARTIFICIAL URINARY SPHINCTER  - FIGLER, B","Capital Equipment","Console RFID","1","1","0","EA","","OR Room / Core","Required: Yes"
"M-68103","ARTIFICIAL URINARY SPHINCTER  - FIGLER, B","Capital Equipment","ESU","1","1","0","EA","","OR Room / Core","Required: Yes"
"M-68103","ARTIFICIAL URINARY SPHINCTER  - FIGLER, B","Capital Equipment","Headlight","1","1","0","EA","","OR Room / Core","Required: Yes"
"M-68103","ARTIFICIAL URINARY SPHINCTER  - FIGLER, B","Capital Equipment","Sequential Compression Device","1","1","0","EA","","OR Room / Core","Required: Yes"
"M-68103","ARTIFICIAL URINARY SPHINCTER  - FIGLER, B","Capital Equipment","Suction Neptune","1","1","0","EA","","OR Room / Core","Required: Yes"
"M-68103","ARTIFICIAL URINARY SPHINCTER  - FIGLER, B","Capital Equipment","Video Tower","1","1","0","EA","","OR Room / Core","Required: Yes"
"M-68103","ARTIFICIAL URINARY SPHINCTER  - FIGLER, B","Capital Equipment","Warmer Forced Air","1","1","0","EA","","OR Room / Core","Required: Yes"
"M-75976","BUCCAL GRAFT - FIGLER, B","Instrument / Tray","HBR URO Buccal","1","1","0","TRAY","","Sterile Processing / Core","Required: Yes"
"M-68363","CIRCUMCISION/ MEATOTOMY - FIGLER, B","Supply / Disposable",", 10884524000077Pad Ground Electrode Adl 30lb D-319853-026613 R-01420E7507","1","1","0","EA","","HBROR - A3C1-41100642","Required"
"M-68363","CIRCUMCISION/ MEATOTOMY - FIGLER, B","Supply / Disposable",", 10884524000053Pencil Cautery Electrosurg W/Holster 50/CaE2516H","1","1","0","EA","","HBROR - A3C1-6050934","Required"
"M-68363","CIRCUMCISION/ MEATOTOMY - FIGLER, B","Supply / Disposable",", 10705031037441SUT CHROMIC 3-0 SH NDL 27IN G122H 36PK/BXG122H","1","1","0","EA","","HBROR - A4C6-39000572","Required"
"M-68363","CIRCUMCISION/ MEATOTOMY - FIGLER, B","Supply / Disposable",", 10884521709874COVER WAND RF DETECTABLE ST01-0020","1","1","0","EA","","HBROR448590PACK MINOR UROLOGYDYNJT7137EA101HBROR025178","Required"
"M-68363","CIRCUMCISION/ MEATOTOMY - FIGLER, B","Supply / Disposable","/3 Towels127338A","1","1","0","EA","","HBROR032790Pack 4 Gown W","Required"
"M-68363","CIRCUMCISION/ MEATOTOMY - FIGLER, B","Supply / Disposable",", 10705031053014SUT COATED VICRYL PLUS 3-0 SH 27 BX/36 R-000784VCP416H","0","0","0","EA","","HBROR032867Glove Dpc Latex Free Biogel GLVDPC1EA000HBROR032869Glove Dpc Duraprene Plus PfGLVDPC3EA000HBROR032870Glove Dpc Pi ProtexisGLVDPC4EA000HBROR032871Glove Dpc Ortho ProtexisGLVDPC5EA000HBROR032872Glove Dpc Blue ProtexisGLVDPC6EA000HBROR032873Glove Dpc Micro ProtexisGLVDPC7EA220HBROR050712","PRN / Inactive"
"M-68363","CIRCUMCISION/ MEATOTOMY - FIGLER, B","Supply / Disposable","/CA S-317945/444131 2F7114","1","1","0","EA","","HBROR051941SOLN IRRIG H2O ST 1000ML BTL 12","Required"
"M-68363","CIRCUMCISION/ MEATOTOMY - FIGLER, B","Supply / Disposable",", 20080196692955Sponge Super Prep 6x6.75 O-002328NON25854","1","1","0","EA","","HBROR052795SLEEVE SCD KNEE LENGTH MED 21IN BLENDED EXPRESS KENDA9529BPR110HBROR054986","Required"
"M-68363","CIRCUMCISION/ MEATOTOMY - FIGLER, B","Supply / Disposable",", 10080196723140Drape Surg 121x102x78in Lap TDYNJP3003","1","1","0","EA","","HBROR218815","Required"
"M-68363","CIRCUMCISION/ MEATOTOMY - FIGLER, B","Supply / Disposable",", 00707387775162Blanket Upper Body R-00137442234","1","1","0","EA","","HBROR224118","Required"
"M-68363","CIRCUMCISION/ MEATOTOMY - FIGLER, B","Supply / Disposable",", 10888277107465Tip Suction Yankau Std On OffOR164","1","1","0","EA","","HBROR266357","Required"
"M-68363","CIRCUMCISION/ MEATOTOMY - FIGLER, B","Supply / Disposable",", 10080196692378Dressing Roll Sof-Form 2in 12/Bx R-002004NON25496","1","1","0","EA","","HBROR341740","Required"
"M-68363","CIRCUMCISION/ MEATOTOMY - FIGLER, B","Drug / Medication","OR injection builder (0 mL)","1","0","1","EA","","Pharmacy","PRN"
"M-68363","CIRCUMCISION/ MEATOTOMY - FIGLER, B","Drug / Medication","bacitracin ointment1 application.11bupivacaine (MARCAINE-PF) injection 0.25% (1 mg)","2","1","1","EA","","Pharmacy","Open"
"M-68363","CIRCUMCISION/ MEATOTOMY - FIGLER, B","Capital Equipment","Console RFID","1","1","0","EA","","OR Room / Core","Required: Yes"
"M-68363","CIRCUMCISION/ MEATOTOMY - FIGLER, B","Capital Equipment","ESU","1","1","0","EA","","OR Room / Core","Required: Yes"
"M-68363","CIRCUMCISION/ MEATOTOMY - FIGLER, B","Capital Equipment","Sequential Compression Device","1","1","0","EA","","OR Room / Core","Required: Yes"
"M-68363","CIRCUMCISION/ MEATOTOMY - FIGLER, B","Capital Equipment","Suction Neptune","1","1","0","EA","","OR Room / Core","Required: Yes"
"M-68363","CIRCUMCISION/ MEATOTOMY - FIGLER, B","Capital Equipment","Warmer Forced Air","1","1","0","EA","","OR Room / Core","Required: Yes"
"M-68363","CIRCUMCISION/ MEATOTOMY - FIGLER, B","Instrument / Tray","HBR URO Urology Minor","1","1","0","TRAY","","Sterile Processing / Core","Required: Yes"
"M-81955","CYSTECTOMY W/WO ILEO-CONDUIT - FIGLER, B","Supply / Disposable",", 10884524000077Pad Ground Electrode Adl 30lb D-319853-026613 R-01420E7507","1","1","0","EA","","HBROR - A3C1-41100642","Required"
"M-81955","CYSTECTOMY W/WO ILEO-CONDUIT - FIGLER, B","Supply / Disposable",", 10884521612525Ligasure Impact Seal/Di 6ea/Bx D-380024LF4418","1","1","0","EA","","HBROR - A3C2-1026617","Required"
"M-81955","CYSTECTOMY W/WO ILEO-CONDUIT - FIGLER, B","Supply / Disposable",", 00801741049569EVACUATOR SUCTION 100ML 10/BX D-2244810070740","1","1","0","EA","","HBROR - A3C3-15001712","Required"
"M-81955","CYSTECTOMY W/WO ILEO-CONDUIT - FIGLER, B","Supply / Disposable",", 10885403473142Blade Clipper 50/Ca O-0004394406","1","1","0","EA","","HBROR - A3C4-17051873","Required"
"M-81955","CYSTECTOMY W/WO ILEO-CONDUIT - FIGLER, B","Supply / Disposable",", 00610075198634Kit Urostomy 2 1/4 St 5/Bx O-05106819503","1","1","0","EA","","HBROR - A3C5-41051871","Required"
"M-81955","CYSTECTOMY W/WO ILEO-CONDUIT - FIGLER, B","Supply / Disposable","/O Cover 200/CaT60764","1","1","0","EA","","HBROR - A3C6-2000034Cont Plastic 64oz W","Required"
"M-81955","CYSTECTOMY W/WO ILEO-CONDUIT - FIGLER, B","Supply / Disposable",".47INL607","1","1","0","EA","","HBROR - A3C6-3000061LID CONTAINER 41IN ROUND 1 SEAL INJECTION MOLD 6","Required"
"M-81955","CYSTECTOMY W/WO ILEO-CONDUIT - FIGLER, B","Supply / Disposable",", 10705031017061SUT PROLENE 4-0 RB-1 RB-1 36IN 8557H 36PK/","3","3","0","BX","","HBROR - A4C4-11000646","Required"
"M-81955","CYSTECTOMY W/WO ILEO-CONDUIT - FIGLER, B","Supply / Disposable","7H","8","5","5","EA","","","Required"
"M-81955","CYSTECTOMY W/WO ILEO-CONDUIT - FIGLER, B","Supply / Disposable",", 10705031002173SUT ETHILON 2-0 PSLX 30IN 36PK/BX D-3400681697H","1","1","0","EA","","HBROR - A4C4-30000638","Required"
"M-81955","CYSTECTOMY W/WO ILEO-CONDUIT - FIGLER, B","Supply / Disposable",", 10705031060623SUT 0 CT-1 PDS II 27IN VIL MO NO 36/BX O-050703Z340H","2","2","0","EA","","HBROR - A4C4-41000721","Required"
"M-81955","CYSTECTOMY W/WO ILEO-CONDUIT - FIGLER, B","Supply / Disposable",", 10705031039018SUT 2-0 CT-1 VIO BRD SA 27IN COATED VICRYL 36/BX O-05J339H","3","3","0","EA","","HBROR - A4C5-26000749","Required"
"M-81955","CYSTECTOMY W/WO ILEO-CONDUIT - FIGLER, B","Supply / Disposable",", 10705031038752SUT VICRYL 2-0 SH NDL 27IN 36/BX O-050708J317H","3","3","0","EA","","HBROR - A4C5-33000783","Required"
"M-81955","CYSTECTOMY W/WO ILEO-CONDUIT - FIGLER, B","Supply / Disposable",", 10705031039643Sut Vicryl 4-0 Sh Ndl 27in Undyed J415hJ415H","5","5","0","EA","","HBROR - A4C6-10004653","Required"
"M-81955","CYSTECTOMY W/WO ILEO-CONDUIT - FIGLER, B","Supply / Disposable",", 10705031038226Sut Vicryl 4-0 Rb-1 Ndl 27in U Ndyed J214h 36pk/Bx J214H","6","0","6","EA","","HBROR - A4C6-14017451","Required"
"M-81955","CYSTECTOMY W/WO ILEO-CONDUIT - FIGLER, B","Supply / Disposable",", 10705031051133Sut Chromic 4-0 Rb-1ndl 27in U 203h 36pk/BxU203H","2","2","0","EA","","HBROR - A4C6-42017379","Required"
"M-81955","CYSTECTOMY W/WO ILEO-CONDUIT - FIGLER, B","Supply / Disposable",", 10705031042919SUT 3-0 VIO BRD 8-18IN SA SH CR COATED VICRYL 12/BX OJ774D","2","2","0","EA","","HBROR - A4C6-9000722","Required"
"M-81955","CYSTECTOMY W/WO ILEO-CONDUIT - FIGLER, B","Supply / Disposable",", 10705031023420Sut Silk 3-0 Sh Ndl Cr 8-18inc 013d 12pk/BxC013D","2","2","0","EA","","HBROR - A5C1-19017374","Required"
"M-81955","CYSTECTOMY W/WO ILEO-CONDUIT - FIGLER, B","Supply / Disposable",", 24026704696363HEMOCLIP LIGATING TITAN MED HORIZON 6/PK 30PK/","2","2","0","BX","","HBROR - A5C2-28000319","Required"
"M-81955","CYSTECTOMY W/WO ILEO-CONDUIT - FIGLER, B","Supply / Disposable","200","0","0","2","EA","","","PRN / Inactive"
"M-81955","CYSTECTOMY W/WO ILEO-CONDUIT - FIGLER, B","Supply / Disposable",", 24026704696387HEMOCLIP LIGATING TITANIUM LG HORIZON 6/PK 20PK/BX 004200","0","0","0","EA","","HBROR - A5C2-30000320","PRN / Inactive"
"M-81955","CYSTECTOMY W/WO ILEO-CONDUIT - FIGLER, B","Supply / Disposable",", 00382903096534SYRINGE 50ML LL 40/BX 4BX/","1","1","0","CA","","HBROR - A5C3-3000610","Required"
"M-81955","CYSTECTOMY W/WO ILEO-CONDUIT - FIGLER, B","Supply / Disposable","653","3","0","9","EA","","","Required"
"M-81955","CYSTECTOMY W/WO ILEO-CONDUIT - FIGLER, B","Supply / Disposable",", 10705031043671SUT 0 CT-1 UND BRD SA 36IN COATED VICRYL 36/BX O-0507J946H","6","6","0","EA","","HBROR - A5C5-90000756","Required"
"M-81955","CYSTECTOMY W/WO ILEO-CONDUIT - FIGLER, B","Supply / Disposable",", 00707387507350DRAPE STERI INCISE LG 60X45CM IOBAN 10EA/BX D-355296 6650EZ","1","1","0","EA","","HBROR - A5C6-20000415","Required"
"M-81955","CYSTECTOMY W/WO ILEO-CONDUIT - FIGLER, B","Supply / Disposable",", 10884521700956Sponge Lap Rfd 18x18 Str 5/Pk 40pk/Ca S-INST-0631-118L1818-04P01C-1","4","2","2","PK","","HBROR - A6C1-11050697","Required"
"M-81955","CYSTECTOMY W/WO ILEO-CONDUIT - FIGLER, B","Supply / Disposable",", 10884521065413Drsg Adhesive 4x8 25ea/Bx 100/Ca S-2242037541","1","1","0","EA","","HBROR - A6C2-9002418","Required"
"M-81955","CYSTECTOMY W/WO ILEO-CONDUIT - FIGLER, B","Supply / Disposable",", 00827002147799Stent Sof-Flex 7frx75cm Ureteral Bander Right Ureter G14779","1","1","0","EA","","HBROR002824","Required"
"M-81955","CYSTECTOMY W/WO ILEO-CONDUIT - FIGLER, B","Supply / Disposable",", 00827002147805Stent Ureteral Bander 7fr Lt X75cmG14780","1","1","0","EA","","HBROR002825","Required"
"M-81955","CYSTECTOMY W/WO ILEO-CONDUIT - FIGLER, B","Supply / Disposable",", 10705031060371Sut Pds Ii 4-0 Rb-1 Ndl 27in Z 304h 36pk/BxZ304H","5","5","0","EA","","HBROR017405","Required"
"M-81955","CYSTECTOMY W/WO ILEO-CONDUIT - FIGLER, B","Supply / Disposable",", 10705031039117Sut Vicryl 0 Ct-1 Ndl 36in J34 6h 36pk/BxJ346H","1","1","0","EA","","HBROR017452","Required"
"M-81955","CYSTECTOMY W/WO ILEO-CONDUIT - FIGLER, B","Supply / Disposable",", 10884523003543Stapler Endo Gia Universal StdEGIAUSTND","0","0","0","EA","","HBROR023045","PRN / Inactive"
"M-81955","CYSTECTOMY W/WO ILEO-CONDUIT - FIGLER, B","Supply / Disposable",", 10884521709874COVER WAND RF DETECTABLE ST01-0020","1","0","1","EA","","HBROR025178","Required"
"M-81955","CYSTECTOMY W/WO ILEO-CONDUIT - FIGLER, B","Supply / Disposable",", 10884523007251Reload Gia 80mm 3.8 BluGIA8038L","1","1","0","EA","","HBROR027595","Required"
"M-81955","CYSTECTOMY W/WO ILEO-CONDUIT - FIGLER, B","Supply / Disposable",", 10884523007268Stapler Gia 80mm 3.8 BluGIA8038S","1","1","0","EA","","HBROR027596","Required"
"M-81955","CYSTECTOMY W/WO ILEO-CONDUIT - FIGLER, B","Supply / Disposable",", 10885380182617Drain Blake 15fr W/TrocarJP-2229","1","1","0","EA","","HBROR029074","Required"
"M-81955","CYSTECTOMY W/WO ILEO-CONDUIT - FIGLER, B","Supply / Disposable","/3 Towels127338A","1","1","0","EA","","HBROR032790Pack 4 Gown W","Required"
"M-81955","CYSTECTOMY W/WO ILEO-CONDUIT - FIGLER, B","Supply / Disposable","/CA S-317945/444131 2F7114","0","0","0","EA","","HBROR032867Glove Dpc Latex Free Biogel GLVDPC1EA000HBROR032869Glove Dpc Duraprene Plus PfGLVDPC3EA000HBROR032870Glove Dpc Pi ProtexisGLVDPC4EA000HBROR032871Glove Dpc Ortho ProtexisGLVDPC5EA000HBROR032872Glove Dpc Blue ProtexisGLVDPC6EA000HBROR032873Glove Dpc Micro ProtexisGLVDPC7EA110HBROR051941SOLN IRRIG H2O ST 1000ML BTL 12","PRN / Inactive"
"M-81955","CYSTECTOMY W/WO ILEO-CONDUIT - FIGLER, B","Supply / Disposable",", 00801741029776Cath Foley Sil 20fr 5ml Bal 2w S-226444165820","1","1","0","EA","","HBROR052795SLEEVE SCD KNEE LENGTH MED 21IN BLENDED EXPRESS KENDA9529BPR110HBROR105477","Required"
"M-81955","CYSTECTOMY W/WO ILEO-CONDUIT - FIGLER, B","Supply / Disposable",", 00810019800344Pack Gown Lp Xlg W/Towel D-003997-385507614000","2","2","0","EA","","HBROR125010","Required"
"M-81955","CYSTECTOMY W/WO ILEO-CONDUIT - FIGLER, B","Supply / Disposable",", 10080196751839Dressing 2x2 Island R-002417MSC3222","1","1","0","EA","","HBROR232221","Required"
"M-81955","CYSTECTOMY W/WO ILEO-CONDUIT - FIGLER, B","Supply / Disposable",", 10195327016777PACK PROCEDURE UROLOGY CUSTOM STERILEDYNJ80252","1","1","0","EA","","HBROR239076","Required"
"M-81955","CYSTECTOMY W/WO ILEO-CONDUIT - FIGLER, B","Supply / Disposable",", 00801741029509BAG DRAINAGE URINE 2000ML 48IN TUBE ANTI REFLUX CHAMB154002","1","1","0","EA","","HBROR315222","Required"
"M-81955","CYSTECTOMY W/WO ILEO-CONDUIT - FIGLER, B","Supply / Disposable",", 10080196745500Cover Table 44x90 R-002057DYNJP2311","1","1","0","EA","","HBROR362962","Required"
"M-81955","CYSTECTOMY W/WO ILEO-CONDUIT - FIGLER, B","Drug / Medication","OR injection builder (0 mL)","1","0","1","EA","","Pharmacy","PRN"
"M-81955","CYSTECTOMY W/WO ILEO-CONDUIT - FIGLER, B","Capital Equipment","Console RFID","1","1","0","EA","","OR Room / Core","Required: Yes"
"M-81955","CYSTECTOMY W/WO ILEO-CONDUIT - FIGLER, B","Capital Equipment","ESU","1","1","0","EA","","OR Room / Core","Required: Yes"
"M-81955","CYSTECTOMY W/WO ILEO-CONDUIT - FIGLER, B","Capital Equipment","Generator Ligasure","1","1","0","EA","","OR Room / Core","Required: Yes"
"M-81955","CYSTECTOMY W/WO ILEO-CONDUIT - FIGLER, B","Capital Equipment","Sequential Compression Device","1","1","0","EA","","OR Room / Core","Required: Yes"
"M-81955","CYSTECTOMY W/WO ILEO-CONDUIT - FIGLER, B","Capital Equipment","Warmer Forced Air","1","1","0","EA","","OR Room / Core","Required: Yes"
"M-81955","CYSTECTOMY W/WO ILEO-CONDUIT - FIGLER, B","Instrument / Tray","HBR GEN Bookwalter Retractor A","1","1","0","TRAY","","Sterile Processing / Core","Required: Yes"
"M-81955","CYSTECTOMY W/WO ILEO-CONDUIT - FIGLER, B","Instrument / Tray","HBR GEN Bookwalter Retractor B","1","1","0","TRAY","","Sterile Processing / Core","Required: Yes"
"M-81955","CYSTECTOMY W/WO ILEO-CONDUIT - FIGLER, B","Instrument / Tray","HBR GEN Hemolok Clip Applier","1","1","0","TRAY","","Sterile Processing / Core","Required: Yes"
"M-81955","CYSTECTOMY W/WO ILEO-CONDUIT - FIGLER, B","Instrument / Tray","HBR GEN Major","1","1","0","TRAY","","Sterile Processing / Core","Required: Yes"
"M-81955","CYSTECTOMY W/WO ILEO-CONDUIT - FIGLER, B","Instrument / Tray","HBR URO Urology Long Extras","1","1","0","TRAY","","Sterile Processing / Core","Required: Yes"
"M-67813","CYSTO DILATION - FIGLER, B","Supply / Disposable",", 00085412001067Set Irrigation Cysto W/Rollerc 12/Ca2C4041","1","1","0","EA","","HBROR - A3C3-25052012","Required"
"M-67813","CYSTO DILATION - FIGLER, B","Supply / Disposable",", 00707387775162Blanket Upper Body R-00137442234","0","0","0","EA","","HBROR032867Glove Dpc Latex Free Biogel GLVDPC1EA000HBROR032869Glove Dpc Duraprene Plus PfGLVDPC3EA000HBROR032870Glove Dpc Pi ProtexisGLVDPC4EA000HBROR032871Glove Dpc Ortho ProtexisGLVDPC5EA000HBROR032872Glove Dpc Blue ProtexisGLVDPC6EA000HBROR032873Glove Dpc Micro ProtexisGLVDPC7EA110HBROR052795SLEEVE SCD KNEE LENGTH MED 21IN BLENDED EXPRESS KENDA9529BPR110HBROR224118","PRN / Inactive"
"M-67813","CYSTO DILATION - FIGLER, B","Drug / Medication","OR injection builder (0 mL)","1","0","1","EA","","Pharmacy","PRN"
"M-67813","CYSTO DILATION - FIGLER, B","Drug / Medication","sterile water for irrigation (3,000 mL)","2","1","1","EA","","Pharmacy","Open"
"M-67813","CYSTO DILATION - FIGLER, B","Capital Equipment","C Arm","1","1","0","EA","","OR Room / Core","Required: Yes"
"M-67813","CYSTO DILATION - FIGLER, B","Capital Equipment","Console RFID","1","1","0","EA","","OR Room / Core","Required: Yes"
"M-67813","CYSTO DILATION - FIGLER, B","Capital Equipment","ESU","1","1","0","EA","","OR Room / Core","Required: Yes"
"M-67813","CYSTO DILATION - FIGLER, B","Capital Equipment","Sequential Compression Device","1","1","0","EA","","OR Room / Core","Required: Yes"
"M-67813","CYSTO DILATION - FIGLER, B","Capital Equipment","Suction Neptune","1","1","0","EA","","OR Room / Core","Required: Yes"
"M-67813","CYSTO DILATION - FIGLER, B","Capital Equipment","Table Maquet AlphaMaxx","1","1","0","EA","","OR Room / Core","Required: Yes"
"M-67813","CYSTO DILATION - FIGLER, B","Capital Equipment","Video Tower","1","1","0","EA","","OR Room / Core","Required: Yes"
"M-67813","CYSTO DILATION - FIGLER, B","Capital Equipment","OLYMPUS HDWarmer Forced Air","1","1","0","EA","","OR Room / Core","Required: Yes"
"M-67813","CYSTO DILATION - FIGLER, B","Instrument / Tray","HBR GEN Stryker 1788 AIM Camera Head","1","1","0","TRAY","","Sterile Processing / Core","Required: Yes"
"M-67813","CYSTO DILATION - FIGLER, B","Instrument / Tray","HBR URO Olympus HD Flexible Cystoscope","1","1","0","TRAY","","Sterile Processing / Core","Required: Yes"
"M-78820","CYSTOLITHOTOMY/CYSTORRHAPHY - FIGLER, B","Supply / Disposable",", 10705031061620Sut Pds Ii 0 Ct-1 Ndl Cr 8-18i N Z740d 12pk/BxZ740D","2","2","0","EA","","HBROR - A4C4-40017432","Required"
"M-78820","CYSTOLITHOTOMY/CYSTORRHAPHY - FIGLER, B","Supply / Disposable",", 10705031040595Sut Vicryl 4-0 Ps-2 Ndl 18in U Ndyed J496h 36pk/Bx O-J496H","2","2","0","EA","","HBROR - A4C6-15128733","Required"
"M-78820","CYSTOLITHOTOMY/CYSTORRHAPHY - FIGLER, B","Supply / Disposable",", 10705031037458Sut Chromic 2-0 Sh Ndl 27in G1 23h 36pk/BxG123HEANote: STAY SUT220HBROR - A4C6-39000572, 10705031037441SUT CHROMIC 3-0 SH NDL 27IN G122H 36PK/BXG122HEANote: BULBAR220HBROR - A5C1-12017423, 10705031023390Sut Silk 2-0 Sh Ndl Cr 8-18inc 012d 12pk/BxC012DEANote: LITHOTOMY101HBROR - A5C2-22051924, 10884521104372Stapler Skin Appose 35 Wide 12/Bx 48/Ca D-027582-10108886803712","4","4","0","EA","","HBROR - A4C6-38017370","Required"
"M-78820","CYSTOLITHOTOMY/CYSTORRHAPHY - FIGLER, B","Supply / Disposable",", 24026704696363HEMOCLIP LIGATING TITAN MED HORIZON 6/PK 30PK/","1","1","0","BX","","HBROR - A5C2-28000319","Required"
"M-78820","CYSTOLITHOTOMY/CYSTORRHAPHY - FIGLER, B","Supply / Disposable","200","0","0","2","EA","","","PRN / Inactive"
"M-78820","CYSTOLITHOTOMY/CYSTORRHAPHY - FIGLER, B","Supply / Disposable",", 24026704696387HEMOCLIP LIGATING TITANIUM LG HORIZON 6/PK 20PK/BX 004200","1","1","0","EA","","HBROR - A5C2-30000320","Required"
"M-78820","CYSTOLITHOTOMY/CYSTORRHAPHY - FIGLER, B","Supply / Disposable",", 10884521700956Sponge Lap Rfd 18x18 Str 5/Pk 40pk/Ca S-INST-0631-118L1818-04P01C-1","3","3","0","PK","","HBROR - A6C1-11050697","Required"
"M-78820","CYSTOLITHOTOMY/CYSTORRHAPHY - FIGLER, B","Supply / Disposable",", 00707387804688STRIP STERI SKIN CLOSURE 0.5X4IN REINFORCED ST 50/BX R1547","1","1","0","EA","","HBROR - A6C2-29002374","Required"
"M-78820","CYSTOLITHOTOMY/CYSTORRHAPHY - FIGLER, B","Supply / Disposable",", 20192253048596SPONGE GAUZE 4X4IN 12-PLY LF ST CURITY 10/","2","2","0","PK","","HBROR - A6C2-42002329","Required"
"M-78820","CYSTOLITHOTOMY/CYSTORRHAPHY - FIGLER, B","Supply / Disposable","110","3","9","7","EA","","","Required"
"M-78820","CYSTOLITHOTOMY/CYSTORRHAPHY - FIGLER, B","Supply / Disposable",", 10884521004726Tube Salem Sump W/Arv 18fr 50/Ca D-113379 N-055031 8888266148","1","0","1","EA","","HBROR001878","Required"
"M-78820","CYSTOLITHOTOMY/CYSTORRHAPHY - FIGLER, B","Supply / Disposable","/5 Towels6701D","1","1","0","EA","","HBROR004683Pack Lp Gown 67013d Lg 1xlg W","Required"
"M-78820","CYSTOLITHOTOMY/CYSTORRHAPHY - FIGLER, B","Supply / Disposable",", 10705031051416Sut Vicryl Plus 2-0 Violet Tie 12-18in Vcp105gVCP105G","1","0","1","EA","","HBROR025049","Required"
"M-78820","CYSTOLITHOTOMY/CYSTORRHAPHY - FIGLER, B","Supply / Disposable",", 10705031051485Sut Vicryl Plus 3-0 Undyed Tie 12-18in Vcp110g O-0173VCP110G","1","0","1","EA","","HBROR025051","Required"
"M-78820","CYSTOLITHOTOMY/CYSTORRHAPHY - FIGLER, B","Supply / Disposable",", 10705031Sut Vicryl Plus 0 Violet Ct-1 Ndl 8-27in Vcpp31d O-01VCPP31D","2","0","2","EA","","HBROR025087","Required"
"M-78820","CYSTOLITHOTOMY/CYSTORRHAPHY - FIGLER, B","Supply / Disposable","HBROR025178, 10884521709874COVER WAND RF DETECTABLE ST01-0020","0","5","6","EA","817101","","Required"
"M-78820","CYSTOLITHOTOMY/CYSTORRHAPHY - FIGLER, B","Supply / Disposable","/Pk127503","2","2","0","EA","","HBROR032402Towel Drape 5","Required"
"M-78820","CYSTOLITHOTOMY/CYSTORRHAPHY - FIGLER, B","Supply / Disposable","/CA S-317945/444131 2F7114","0","0","0","EA","","HBROR032867Glove Dpc Latex Free Biogel GLVDPC1EA000HBROR032869Glove Dpc Duraprene Plus PfGLVDPC3EA000HBROR032870Glove Dpc Pi ProtexisGLVDPC4EA000HBROR032871Glove Dpc Ortho ProtexisGLVDPC5EA000HBROR032872Glove Dpc Blue ProtexisGLVDPC6EA000HBROR032873Glove Dpc Micro ProtexisGLVDPC7EA110HBROR051941SOLN IRRIG H2O ST 1000ML BTL 12","PRN / Inactive"
"M-78820","CYSTOLITHOTOMY/CYSTORRHAPHY - FIGLER, B","Supply / Disposable",", 00801741090769Drain Flat Silicone 10mm 10/Ca O-001604-2243760070440","1","0","1","EA","","HBROR052692","Required"
"M-78820","CYSTOLITHOTOMY/CYSTORRHAPHY - FIGLER, B","Supply / Disposable",", 20080196692955Sponge Super Prep 6x6.75 O-002328NON25854","1","1","0","EA","","HBROR052795SLEEVE SCD KNEE LENGTH MED 21IN BLENDED EXPRESS KENDA9529BPR110HBROR053921Chloraprep 26ml Orng St O-050864930815EA110HBROR054986","Required"
"M-78820","CYSTOLITHOTOMY/CYSTORRHAPHY - FIGLER, B","Supply / Disposable",", 10195327013547Pack Universal O-002197DYNJ80178","1","1","0","EA","","HBROR239049","Required"
"M-78820","CYSTOLITHOTOMY/CYSTORRHAPHY - FIGLER, B","Supply / Disposable",", 10195327013462PACK PROCEDURE MAJOR CUSTOM STERILEDYNJ80175","1","1","0","EA","","HBROR239065","Required"
"M-78820","CYSTOLITHOTOMY/CYSTORRHAPHY - FIGLER, B","Supply / Disposable",", 00854137001696Adhesive Exofin Mastic 48ea/CaEM80148","2","2","0","EA","","HBROR389659","Required"
"M-78820","CYSTOLITHOTOMY/CYSTORRHAPHY - FIGLER, B","Supply / Disposable",", 10884389464915Drape Instrument 16x20 Magneti C St O-002346DYNJMDL1","1","1","0","EA","","HBROR394974","Required"
"M-78820","CYSTOLITHOTOMY/CYSTORRHAPHY - FIGLER, B","Supply / Disposable",", 10080196035434Instr Yankauer Bulb Tip W/O Ve Nt Flex St O-001772 DYND52130","1","1","0","EA","","HBROR395027","Required"
"M-78820","CYSTOLITHOTOMY/CYSTORRHAPHY - FIGLER, B","Supply / Disposable",", 10607151056381NEEDLE ENT/IMA STANDARD STERILE 25/BXES38","1","1","0","EA","","HBROR449442","Required"
"M-78820","CYSTOLITHOTOMY/CYSTORRHAPHY - FIGLER, B","Drug / Medication","OR injection builder (0 mL)","1","0","1","EA","","Pharmacy","PRN"
"M-78820","CYSTOLITHOTOMY/CYSTORRHAPHY - FIGLER, B","Drug / Medication","bupivacaine 0.25%-EPINEPHrine 1:200,000 (MARCAINE-PF w/EPI) injection (30 mL)","1","0","1","EA","","Pharmacy","PRN"
"M-78820","CYSTOLITHOTOMY/CYSTORRHAPHY - FIGLER, B","Capital Equipment","C Arm","1","1","0","EA","","OR Room / Core","Required: Yes"
"M-78820","CYSTOLITHOTOMY/CYSTORRHAPHY - FIGLER, B","Capital Equipment","Console RFID","1","1","0","EA","","OR Room / Core","Required: Yes"
"M-78820","CYSTOLITHOTOMY/CYSTORRHAPHY - FIGLER, B","Capital Equipment","ESU","1","1","0","EA","","OR Room / Core","Required: Yes"
"M-78820","CYSTOLITHOTOMY/CYSTORRHAPHY - FIGLER, B","Capital Equipment","Scale Small Plastics","1","1","0","EA","","OR Room / Core","Required: Yes"
"M-78820","CYSTOLITHOTOMY/CYSTORRHAPHY - FIGLER, B","Capital Equipment","Sequential Compression Device","1","1","0","EA","","OR Room / Core","Required: Yes"
"M-78820","CYSTOLITHOTOMY/CYSTORRHAPHY - FIGLER, B","Capital Equipment","Suction Neptune","1","1","0","EA","","OR Room / Core","Required: Yes"
"M-78820","CYSTOLITHOTOMY/CYSTORRHAPHY - FIGLER, B","Capital Equipment","Warmer Forced Air","1","1","0","EA","","OR Room / Core","Required: Yes"
"M-78820","CYSTOLITHOTOMY/CYSTORRHAPHY - FIGLER, B","Instrument / Tray","HBR GYN Weighted Speculums","1","1","0","TRAY","","Sterile Processing / Core","Required: Yes"
"M-78820","CYSTOLITHOTOMY/CYSTORRHAPHY - FIGLER, B","Instrument / Tray","HBR URO Bougie a Boule Urethral Dilators","1","1","0","TRAY","","Sterile Processing / Core","Required: Yes"
"M-78820","CYSTOLITHOTOMY/CYSTORRHAPHY - FIGLER, B","Instrument / Tray","HBR URO Olympus Cystoscopy","1","1","0","TRAY","","Sterile Processing / Core","Required: Yes"
"M-78820","CYSTOLITHOTOMY/CYSTORRHAPHY - FIGLER, B","Instrument / Tray","HBR URO Urology Minor","1","1","0","TRAY","","Sterile Processing / Core","Required: Yes"
"M-78820","CYSTOLITHOTOMY/CYSTORRHAPHY - FIGLER, B","Instrument / Tray","MOR GEN Storz Camera Head HD","1","1","0","TRAY","","Sterile Processing / Core","Required: Yes"
"M-78820","CYSTOLITHOTOMY/CYSTORRHAPHY - FIGLER, B","Instrument / Tray","NCSH URO Borawski Specials","1","1","0","TRAY","","Sterile Processing / Core","Required: Yes"
"M-78820","CYSTOLITHOTOMY/CYSTORRHAPHY - FIGLER, B","Instrument / Tray","NCSH URO Jordan Bookler Retractor","1","1","0","TRAY","","Sterile Processing / Core","Required: Yes"
"M-90614","DEBRIDEMENT, OPEN WOUND, INC TOPICAL APPLICATION, WOUND ASSESSMENT","Supply / Disposable",", 10884524000053Pencil Cautery Electrosurg W/Holster 50/CaE2516H","1","1","0","EA","","HBROR - A3C1-6050934","Required"
"M-90614","DEBRIDEMENT, OPEN WOUND, INC TOPICAL APPLICATION, WOUND ASSESSMENT","Supply / Disposable",", 10884521007994SYRINGE BULB IRRIGATION 1.5OZ D-100156,344730 N-3973067000","1","0","1","EA","","HBROR - A3C3-10000612","Required"
"M-90614","DEBRIDEMENT, OPEN WOUND, INC TOPICAL APPLICATION, WOUND ASSESSMENT","Supply / Disposable",", 10885380072437Tubing Suction Noncond 20ft St Maxi-Grip 20/CaCFN620A","1","1","0","EA","","HBROR - A3C3-4001943","Required"
"M-90614","DEBRIDEMENT, OPEN WOUND, INC TOPICAL APPLICATION, WOUND ASSESSMENT","Supply / Disposable",", 07332551292706GLOVE SURG UNDER SZ 7.5 BLUE LF PF ST BIOGEL PI INDIC41675","1","1","0","EA","","HBROR - A4C2-12027325","Required"
"M-90614","DEBRIDEMENT, OPEN WOUND, INC TOPICAL APPLICATION, WOUND ASSESSMENT","Supply / Disposable",", 10885380031953GLOVE SURG SZ 7.5 SYNTHETIC CREAM LF PF ST PROTEXIS P2D72PT75X","1","1","0","EA","","HBROR - A4C3-5051092","Required"
"M-90614","DEBRIDEMENT, OPEN WOUND, INC TOPICAL APPLICATION, WOUND ASSESSMENT","Supply / Disposable","/3 Towels127338A","1","1","0","EA","","HBROR448590PACK MINOR UROLOGYDYNJT7137EA110HBROR032790Pack 4 Gown W","Required"
"M-90614","DEBRIDEMENT, OPEN WOUND, INC TOPICAL APPLICATION, WOUND ASSESSMENT","Supply / Disposable",", 10884521700949Sponge Lap Rfd 12x12 Str 5/Pk 40pk/Ca D-002321L1212-04P01C-1","1","0","1","PK","","HBROR050696","Required"
"M-90614","DEBRIDEMENT, OPEN WOUND, INC TOPICAL APPLICATION, WOUND ASSESSMENT","Supply / Disposable","/CA S-317945/444131 2F7114","1","1","0","EA","","HBROR051941SOLN IRRIG H2O ST 1000ML BTL 12","Required"
"M-90614","DEBRIDEMENT, OPEN WOUND, INC TOPICAL APPLICATION, WOUND ASSESSMENT","Supply / Disposable",".9% 1000ml Btl 12/Ca2F7124","1","1","0","EA","","HBROR051948Soln Irrig Ns 0","Required"
"M-90614","DEBRIDEMENT, OPEN WOUND, INC TOPICAL APPLICATION, WOUND ASSESSMENT","Supply / Disposable",", 00842351190005System Wound Irrigation 450ml Debridement Irrisept ISEPT-450-USA","0","0","0","EA","","HBROR135718","PRN / Inactive"
"M-90614","DEBRIDEMENT, OPEN WOUND, INC TOPICAL APPLICATION, WOUND ASSESSMENT","Supply / Disposable",", 10195327013547Pack Universal O-002197DYNJ80178","1","0","1","EA","","HBROR239049","Required"
"M-90614","DEBRIDEMENT, OPEN WOUND, INC TOPICAL APPLICATION, WOUND ASSESSMENT","Supply / Disposable",", 10888277107465Tip Suction Yankau Std On OffOR164","1","1","0","EA","","HBROR266357","Required"
"M-90614","DEBRIDEMENT, OPEN WOUND, INC TOPICAL APPLICATION, WOUND ASSESSMENT","Supply / Disposable",", 10885380142994Drape Lithotomy 35x44x102in Lf St Disp29455","1","0","1","EA","","HBROR357149","Required"
"M-90614","DEBRIDEMENT, OPEN WOUND, INC TOPICAL APPLICATION, WOUND ASSESSMENT","Supply / Disposable",", 10080196845095DRESSING GAUZE ROLL 3.4INX3.6YD 6 PLY COTTON LF ST BUNON25861","2","0","2","EA","","HBROR422025","Required"
"M-90614","DEBRIDEMENT, OPEN WOUND, INC TOPICAL APPLICATION, WOUND ASSESSMENT","Capital Equipment","Console RFID","1","1","0","EA","","OR Room / Core","Required: Yes"
"M-90614","DEBRIDEMENT, OPEN WOUND, INC TOPICAL APPLICATION, WOUND ASSESSMENT","Capital Equipment","ESU","1","1","0","EA","","OR Room / Core","Required: Yes"
"M-90614","DEBRIDEMENT, OPEN WOUND, INC TOPICAL APPLICATION, WOUND ASSESSMENT","Capital Equipment","Suction Neptune","1","1","0","EA","","OR Room / Core","Required: Yes"
"M-90614","DEBRIDEMENT, OPEN WOUND, INC TOPICAL APPLICATION, WOUND ASSESSMENT","Capital Equipment","Table OR Skytron","1","1","0","EA","","OR Room / Core","Required: Yes"
"M-90614","DEBRIDEMENT, OPEN WOUND, INC TOPICAL APPLICATION, WOUND ASSESSMENT","Capital Equipment","Warmer Forced Air","1","1","0","EA","","OR Room / Core","Required: Yes"
"M-90614","DEBRIDEMENT, OPEN WOUND, INC TOPICAL APPLICATION, WOUND ASSESSMENT","Instrument / Tray","HBR URO Urology Minor","1","1","0","TRAY","","Sterile Processing / Core","Required: Yes"
"M-77027","DESTRUCTION OF LESION PENIS - FIGLER, B","Supply / Disposable",", 10884524000077Pad Ground Electrode Adl 30lb D-319853-026613 R-01420E7507","1","1","0","EA","","HBROR - A3C1-41100642","Required"
"M-77027","DESTRUCTION OF LESION PENIS - FIGLER, B","Supply / Disposable",", 10884524000053Pencil Cautery Electrosurg W/Holster 50/CaE2516H","1","1","0","EA","","HBROR - A3C1-6050934","Required"
"M-77027","DESTRUCTION OF LESION PENIS - FIGLER, B","Supply / Disposable","/8in X 10ft901015-000","1","0","1","EA","","HBROR - A3C3-3010437Tubing Surgimedic Smoke Evacua Tion 7","Required"
"M-77027","DESTRUCTION OF LESION PENIS - FIGLER, B","Supply / Disposable",", 10885380027406GLOVE SURG SZ 7.5 BLUE W/NEU-THERA LF PF ST PROTEXIS 2D73EB75","2","2","0","EA","","HBROR - A4C3-20051133","Required"
"M-77027","DESTRUCTION OF LESION PENIS - FIGLER, B","Supply / Disposable",", 10705031002173SUT ETHILON 2-0 PSLX 30IN 36PK/BX D-3400681697H","0","0","0","EA","","HBROR - A4C4-30000638","PRN / Inactive"
"M-77027","DESTRUCTION OF LESION PENIS - FIGLER, B","Supply / Disposable",", 10705031038752SUT VICRYL 2-0 SH NDL 27IN 36/BX O-050708J317H","0","0","0","EA","","HBROR - A4C5-33000783","PRN / Inactive"
"M-77027","DESTRUCTION OF LESION PENIS - FIGLER, B","Supply / Disposable",", 10705031040595Sut Vicryl 4-0 Ps-2 Ndl 18in U Ndyed J496h 36pk/Bx O-J496H","0","0","0","EA","","HBROR - A4C6-15128733","PRN / Inactive"
"M-77027","DESTRUCTION OF LESION PENIS - FIGLER, B","Supply / Disposable",", 10705031037441SUT CHROMIC 3-0 SH NDL 27IN G122H 36PK/BXG122HEANote: BULBAR000HBROR - A4C6-42017379, 10705031051133Sut Chromic 4-0 Rb-1ndl 27in U 203h 36pk/BxU203H","0","0","0","EA","","HBROR - A4C6-39000572","PRN / Inactive"
"M-77027","DESTRUCTION OF LESION PENIS - FIGLER, B","Supply / Disposable",", 10705031023390Sut Silk 2-0 Sh Ndl Cr 8-18inc 012d 12pk/BxC012D","0","0","0","EA","","HBROR - A5C1-12017423","PRN / Inactive"
"M-77027","DESTRUCTION OF LESION PENIS - FIGLER, B","Supply / Disposable",", 10705031023024Sut Silk 2-0 12-18in Ties A185 H 36pk/BxA185H","0","0","0","EA","","HBROR - A5C1-13002765","PRN / Inactive"
"M-77027","DESTRUCTION OF LESION PENIS - FIGLER, B","Supply / Disposable",", 24026704696363HEMOCLIP LIGATING TITAN MED HORIZON 6/PK 30PK/","1","0","1","BX","","HBROR - A5C2-28000319","Required"
"M-77027","DESTRUCTION OF LESION PENIS - FIGLER, B","Supply / Disposable","200","0","0","2","EA","","","PRN / Inactive"
"M-77027","DESTRUCTION OF LESION PENIS - FIGLER, B","Supply / Disposable",", 24026704696387HEMOCLIP LIGATING TITANIUM LG HORIZON 6/PK 20PK/BX 004200","1","0","1","EA","","HBROR - A5C2-30000320","Required"
"M-77027","DESTRUCTION OF LESION PENIS - FIGLER, B","Supply / Disposable",", 00382903051274NDL HYPO 25GX1.5 NON-SAFETY D-376057305127","1","1","0","EA","","HBROR - A5C3-14000532","Required"
"M-77027","DESTRUCTION OF LESION PENIS - FIGLER, B","Supply / Disposable",", 04064035Dsg Tegaderm Hp Frame 10x12cm 50pk/Bx 4bx/Ca D-3143669536HP","1","1","0","EA","","HBROR - A6C2-14002166","Required"
"M-77027","DESTRUCTION OF LESION PENIS - FIGLER, B","Supply / Disposable","HBROR - A6C2-23052287, 10080196740147Dsg Pad 3x4in Non-Adherent 100/BxNON25710","1","7","0","EA","004110","","Required"
"M-77027","DESTRUCTION OF LESION PENIS - FIGLER, B","Supply / Disposable",", 00707387804688STRIP STERI SKIN CLOSURE 0.5X4IN REINFORCED ST 50/BX R1547","1","1","0","EA","","HBROR - A6C2-29002374","Required"
"M-77027","DESTRUCTION OF LESION PENIS - FIGLER, B","Supply / Disposable","% Povidone Iodine 4oz O-051023 D-385696 NMDS093944","1","1","0","EA","","HBROR149721Vesseloop Maxi White O-000514DYNJVL03EA110HBROR344663Soln Prep 10","Required"
"M-77027","DESTRUCTION OF LESION PENIS - FIGLER, B","Supply / Disposable","/ WIDE WAIST BAND ADULT 202460","2","2","0","EA","","HBROR382985Blade Surgical 10 O-00022303740EA110HBROR395160Loop Vessel Mini Red St O-000513DYNJVL12EA110HBROR448590PACK MINOR UROLOGYDYNJT7137EA101002377SUPPORTER ATHLETIC SM 26-32 W","Required"
"M-77027","DESTRUCTION OF LESION PENIS - FIGLER, B","Supply / Disposable",", 10884521709874COVER WAND RF DETECTABLE ST01-0020","1","0","1","EA","","HBROR025178","Required"
"M-77027","DESTRUCTION OF LESION PENIS - FIGLER, B","Supply / Disposable","/Pk127503","1","1","0","EA","","HBROR032402Towel Drape 5","Required"
"M-77027","DESTRUCTION OF LESION PENIS - FIGLER, B","Supply / Disposable","/3 Towels127338A","1","1","0","EA","","HBROR032790Pack 4 Gown W","Required"
"M-77027","DESTRUCTION OF LESION PENIS - FIGLER, B","Supply / Disposable",", 10705031055568SUT COATED VICRYL PLUS 2-0 SH 27 BX/12 R-000688VCP785D","0","0","0","EA","","HBROR032867Glove Dpc Latex Free Biogel GLVDPC1EA000HBROR032869Glove Dpc Duraprene Plus PfGLVDPC3EA000HBROR032870Glove Dpc Pi ProtexisGLVDPC4EA000HBROR032871Glove Dpc Ortho ProtexisGLVDPC5EA000HBROR032872Glove Dpc Blue ProtexisGLVDPC6EA000HBROR032873Glove Dpc Micro ProtexisGLVDPC7EA000HBROR050709","PRN / Inactive"
"M-77027","DESTRUCTION OF LESION PENIS - FIGLER, B","Supply / Disposable","/CA S-317945/444131 2F7114","1","1","0","EA","","HBROR051941SOLN IRRIG H2O ST 1000ML BTL 12","Required"
"M-77027","DESTRUCTION OF LESION PENIS - FIGLER, B","Supply / Disposable","/Ca O-0511979780B","1","1","0","EA","","HBROR052800Sleeve Scd Thigh Lg 15pr","Required"
"M-77027","DESTRUCTION OF LESION PENIS - FIGLER, B","Supply / Disposable","/2 X 12 St O-050673DYND50322","1","1","0","EA","","HBROR053921Chloraprep 26ml Orng St O-050864930815EA101054177SUPPORTER ATHLETIC MED S-449629SA1503-WH-MDEA101HBROR054973Drain Penrose Lf 1","Required"
"M-77027","DESTRUCTION OF LESION PENIS - FIGLER, B","Supply / Disposable",", 20080196692955Sponge Super Prep 6x6.75 O-002328NON25854","1","1","0","EA","","HBROR054986","Required"
"M-77027","DESTRUCTION OF LESION PENIS - FIGLER, B","Supply / Disposable",", 10885380150081Cont Specimen Sterile 120ml O-000267C13901","2","2","0","EA","","HBROR055066","Required"
"M-77027","DESTRUCTION OF LESION PENIS - FIGLER, B","Supply / Disposable",", Drape Surg 121x102x78in Lap TDYNJP3003","1","1","0","EA","","HBROR218815","Required"
"M-77027","DESTRUCTION OF LESION PENIS - FIGLER, B","Supply / Disposable","3140110HBROR266357, 10888277107465Tip Suction Yankau Std On OffOR164","1","0","0","EA","8019672","","Required"
"M-77027","DESTRUCTION OF LESION PENIS - FIGLER, B","Supply / Disposable",", 00854137001696Adhesive Exofin Mastic 48ea/CaEM80148","1","1","0","EA","","HBROR389659","Required"
"M-77027","DESTRUCTION OF LESION PENIS - FIGLER, B","Supply / Disposable",", 10080196035434Instr Yankauer Bulb Tip W/O Ve Nt Flex St O-001772 DYND52130","1","1","0","EA","","HBROR395027","Required"
"M-77027","DESTRUCTION OF LESION PENIS - FIGLER, B","Supply / Disposable",", 00197344103662SUPPORT SCROTAL LARGE ATHLETIC ADJUSTABLE WAISTBAND RORT2240L","1","0","1","EA","","HBROR449327","Required"
"M-77027","DESTRUCTION OF LESION PENIS - FIGLER, B","Supply / Disposable",", 10607151056381NEEDLE ENT/IMA STANDARD STERILE 25/BXES38","1","1","0","EA","","HBROR449442","Required"
"M-77027","DESTRUCTION OF LESION PENIS - FIGLER, B","Drug / Medication","OR injection builder (0 mL)","1","0","1","EA","","Pharmacy","PRN"
"M-77027","DESTRUCTION OF LESION PENIS - FIGLER, B","Drug / Medication","bupivacaine 0.25%-EPINEPHrine 1:200,000 (MARCAINE-PF w/EPI) injection (30 mL)","1","0","1","EA","","Pharmacy","PRN"
"M-77027","DESTRUCTION OF LESION PENIS - FIGLER, B","Capital Equipment","Console RFID","1","1","0","EA","","OR Room / Core","Required: Yes"
"M-77027","DESTRUCTION OF LESION PENIS - FIGLER, B","Capital Equipment","ESU","1","1","0","EA","","OR Room / Core","Required: Yes"
"M-77027","DESTRUCTION OF LESION PENIS - FIGLER, B","Capital Equipment","Laser CO2 SSI","1","1","0","EA","","OR Room / Core","Required: Yes"
"M-77027","DESTRUCTION OF LESION PENIS - FIGLER, B","Capital Equipment","Sequential Compression Device","1","1","0","EA","","OR Room / Core","Required: Yes"
"M-77027","DESTRUCTION OF LESION PENIS - FIGLER, B","Capital Equipment","Suction Neptune","1","1","0","EA","","OR Room / Core","Required: Yes"
"M-77027","DESTRUCTION OF LESION PENIS - FIGLER, B","Capital Equipment","Video Tower","1","1","0","EA","","OR Room / Core","Required: Yes"
"M-77027","DESTRUCTION OF LESION PENIS - FIGLER, B","Capital Equipment","Warmer Forced Air","1","1","0","EA","","OR Room / Core","Required: Yes"
"M-77027","DESTRUCTION OF LESION PENIS - FIGLER, B","Instrument / Tray","HBR GEN Laser Handpieces CO","21","0","0","TRAY","","Sterile Processing / Core","Required: No"
"M-77027","DESTRUCTION OF LESION PENIS - FIGLER, B","Instrument / Tray","HAVE AVAILABLEHBR GEN Stryker 1788 AIM Camera Head","1","1","0","TRAY","","Sterile Processing / Core","Required: Yes"
"M-77027","DESTRUCTION OF LESION PENIS - FIGLER, B","Instrument / Tray","HBR URO Bougie a Boule Urethral Dilators","1","1","0","TRAY","","Sterile Processing / Core","Required: Yes"
"M-77027","DESTRUCTION OF LESION PENIS - FIGLER, B","Instrument / Tray","HBR URO Olympus Cystoscope 4mm 30 Degree","1","1","0","TRAY","","Sterile Processing / Core","Required: Yes"
"M-77027","DESTRUCTION OF LESION PENIS - FIGLER, B","Instrument / Tray","HBR URO Urology Minor","1","1","0","TRAY","","Sterile Processing / Core","Required: Yes"
"M-68108","EXCISION PENIS/PENILE PLAQUE  - FIGLER, B","Supply / Disposable",", 10884524000077Pad Ground Electrode Adl 30lb D-319853-026613 R-01420E7507","1","1","0","EA","","HBROR - A3C1-41100642","Required"
"M-68108","EXCISION PENIS/PENILE PLAQUE  - FIGLER, B","Supply / Disposable",", 10884524000053Pencil Cautery Electrosurg W/Holster 50/CaE2516H","1","1","0","EA","","HBROR - A3C1-6050934","Required"
"M-68108","EXCISION PENIS/PENILE PLAQUE  - FIGLER, B","Supply / Disposable",", 20884527005557BOWL SOLUTION 16OZ POLY DISP ST LF 75/","1","1","0","CA","","HBROR - A3C4-2001407","Required"
"M-68108","EXCISION PENIS/PENILE PLAQUE  - FIGLER, B","Supply / Disposable","00","6","1","0","EA","","","Required"
"M-68108","EXCISION PENIS/PENILE PLAQUE  - FIGLER, B","Supply / Disposable",", 10885380027284GLOVE SURG SZ 7 CREAM SYNTHETIC LF PF PROTEXIS PI MIC2D73PM70","3","2","1","EA","","HBROR - A4C3-12051083","Required"
"M-68108","EXCISION PENIS/PENILE PLAQUE  - FIGLER, B","Supply / Disposable",", 10885380027406GLOVE SURG SZ 7.5 BLUE W/NEU-THERA LF PF ST PROTEXIS 2D73EB75","3","2","1","EA","","HBROR - A4C3-20051133","Required"
"M-68108","EXCISION PENIS/PENILE PLAQUE  - FIGLER, B","Supply / Disposable",", 10705031039681Sut Vicryl 2-0 Sh Ndl 27in J417hJ417H","4","4","0","EA","","HBROR - A4C5-30011566","Required"
"M-68108","EXCISION PENIS/PENILE PLAQUE  - FIGLER, B","Supply / Disposable",", 10705031039643Sut Vicryl 4-0 Sh Ndl 27in Undyed J415hJ415H","2","0","2","EA","","HBROR - A4C6-10004653","Required"
"M-68108","EXCISION PENIS/PENILE PLAQUE  - FIGLER, B","Supply / Disposable",", 10705031038226Sut Vicryl 4-0 Rb-1 Ndl 27in U Ndyed J214h 36pk/Bx J214H","1","0","1","EA","","HBROR - A4C6-14017451","Required"
"M-68108","EXCISION PENIS/PENILE PLAQUE  - FIGLER, B","Supply / Disposable",", 10705031134690Sut Vicryl Rapide 4-0 Ps-2 Ndl 18in Undyed Vr496VR496","2","2","0","EA","","HBROR - A4C6-17010686","Required"
"M-68108","EXCISION PENIS/PENILE PLAQUE  - FIGLER, B","Supply / Disposable",", 10884521104372Stapler Skin Appose 35 Wide 12/Bx 48/Ca D-027582-10108886803712","1","1","0","EA","","HBROR - A5C2-22051924","Required"
"M-68108","EXCISION PENIS/PENILE PLAQUE  - FIGLER, B","Supply / Disposable",", 00707387507350DRAPE STERI INCISE LG 60X45CM IOBAN 10EA/BX D-355296 6650EZ","1","1","0","EA","","HBROR - A5C6-20000415","Required"
"M-68108","EXCISION PENIS/PENILE PLAQUE  - FIGLER, B","Supply / Disposable",", 10884521700604Sponge Gauze Rfd 4x4 16ply 10/Pk 1280/Ca S-INST-0632-G0404-16P01C-1","1","0","1","EA","","HBROR - A6C1-2050698","Required"
"M-68108","EXCISION PENIS/PENILE PLAQUE  - FIGLER, B","Supply / Disposable",", 00653405002171Cord Bipolar 12ft Disp135166","1","1","0","EA","","HBROR448590PACK MINOR UROLOGYDYNJT7137EA101HBROR010894","Required"
"M-68108","EXCISION PENIS/PENILE PLAQUE  - FIGLER, B","Supply / Disposable",", 10705031054370Sut Vicryl Plus 2-0 Violet Ur- 6 Ndl 27in Vcp602hVCP602H","2","0","2","EA","","HBROR025070","Required"
"M-68108","EXCISION PENIS/PENILE PLAQUE  - FIGLER, B","Supply / Disposable",", 10884521709874COVER WAND RF DETECTABLE ST01-0020","1","0","1","EA","","HBROR025178","Required"
"M-68108","EXCISION PENIS/PENILE PLAQUE  - FIGLER, B","Supply / Disposable",", 00848340DECANTER VIAL ASEPTIC TRANSFER ST10-106","1","0","1","EA","","HBROR029092","Required"
"M-68108","EXCISION PENIS/PENILE PLAQUE  - FIGLER, B","Supply / Disposable","HBROR032790Pack 4 Gown W/3 Towels127338A","0","0","0","EA","027110","","PRN / Inactive"
"M-68108","EXCISION PENIS/PENILE PLAQUE  - FIGLER, B","Supply / Disposable","/CA S-317945/444131 2F7114","0","0","0","EA","","HBROR032867Glove Dpc Latex Free Biogel GLVDPC1EA000HBROR032869Glove Dpc Duraprene Plus PfGLVDPC3EA000HBROR032870Glove Dpc Pi ProtexisGLVDPC4EA000HBROR032871Glove Dpc Ortho ProtexisGLVDPC5EA000HBROR032872Glove Dpc Blue ProtexisGLVDPC6EA000HBROR032873Glove Dpc Micro ProtexisGLVDPC7EA110HBROR051941SOLN IRRIG H2O ST 1000ML BTL 12","PRN / Inactive"
"M-68108","EXCISION PENIS/PENILE PLAQUE  - FIGLER, B","Supply / Disposable",", 00841019100110Forcep Bipolar Bayonet 7 3/4 Ca/10 O-05220419-1003C","1","0","1","EA","","HBROR052493","Required"
"M-68108","EXCISION PENIS/PENILE PLAQUE  - FIGLER, B","Supply / Disposable",", 10888277107465Tip Suction Yankau Std On OffOR164","1","1","0","EA","","HBROR053921Chloraprep 26ml Orng St O-050864930815EA110HBROR266357","Required"
"M-68108","EXCISION PENIS/PENILE PLAQUE  - FIGLER, B","Supply / Disposable",", 30884527014921Dsg Xeroform 1x8in Foil 50/Bx 4bx/Ca R-0533988884433301","1","0","1","EA","","HBROR316117","Required"
"M-68108","EXCISION PENIS/PENILE PLAQUE  - FIGLER, B","Supply / Disposable",", 10080196692378Dressing Roll Sof-Form 2in 12/Bx R-002004NON25496","1","1","0","EA","","HBROR341740","Required"
"M-68108","EXCISION PENIS/PENILE PLAQUE  - FIGLER, B","Supply / Disposable",", 10607151056381NEEDLE ENT/IMA STANDARD STERILE 25/BXES38","1","1","0","EA","","HBROR449442","Required"
"M-68108","EXCISION PENIS/PENILE PLAQUE  - FIGLER, B","Drug / Medication","OR injection builder (0 mL)","1","0","1","EA","","Pharmacy","PRN"
"M-68108","EXCISION PENIS/PENILE PLAQUE  - FIGLER, B","Drug / Medication","bupivacaine (MARCAINE-PF) injection 0.25% (1 mL)","0","0","0","EA","","Pharmacy","PRN"
"M-68108","EXCISION PENIS/PENILE PLAQUE  - FIGLER, B","Drug / Medication","bupivacaine 0.25%-EPINEPHrine 1:200,000 (MARCAINE-PF w/EPI) injection (30 mL)","1","0","1","EA","","Pharmacy","PRN"
"M-68108","EXCISION PENIS/PENILE PLAQUE  - FIGLER, B","Drug / Medication","papaverine injection (60 mL)","1","1","0","EA","","Pharmacy","Open"
"M-68108","EXCISION PENIS/PENILE PLAQUE  - FIGLER, B","Drug / Medication","sodium chloride 0.9 % bacteriostatic injection (120 mL)","1","0","1","EA","","Pharmacy","PRN"
"M-68108","EXCISION PENIS/PENILE PLAQUE  - FIGLER, B","Drug / Medication","sodium chloride 0.9% (NS) irrigation (1,000 mL)","0","0","0","EA","","Pharmacy","PRN"
"M-68108","EXCISION PENIS/PENILE PLAQUE  - FIGLER, B","Drug / Medication","sterile water for irrigation (1,000 mL)","0","0","0","EA","","Pharmacy","PRN"
"M-68108","EXCISION PENIS/PENILE PLAQUE  - FIGLER, B","Capital Equipment","Console RFID","1","1","0","EA","","OR Room / Core","Required: Yes"
"M-68108","EXCISION PENIS/PENILE PLAQUE  - FIGLER, B","Capital Equipment","ESU","1","1","0","EA","","OR Room / Core","Required: Yes"
"M-68108","EXCISION PENIS/PENILE PLAQUE  - FIGLER, B","Capital Equipment","Sequential Compression Device","1","1","0","EA","","OR Room / Core","Required: Yes"
"M-68108","EXCISION PENIS/PENILE PLAQUE  - FIGLER, B","Capital Equipment","Suction Neptune","1","1","0","EA","","OR Room / Core","Required: Yes"
"M-68108","EXCISION PENIS/PENILE PLAQUE  - FIGLER, B","Capital Equipment","Warmer Forced Air","1","1","0","EA","","OR Room / Core","Required: Yes"
"M-68108","EXCISION PENIS/PENILE PLAQUE  - FIGLER, B","Instrument / Tray","HBR URO Urology Minor","1","1","0","TRAY","","Sterile Processing / Core","Required: Yes"
"M-70803","EXCISION/REPAIR: SOFT TISSUE GENITALIA  - FIGLER, B","Supply / Disposable",", 10884524000077Pad Ground Electrode Adl 30lb D-319853-026613 R-01420E7507","1","1","0","EA","","HBROR - A3C1-41100642","Required"
"M-70803","EXCISION/REPAIR: SOFT TISSUE GENITALIA  - FIGLER, B","Supply / Disposable",", 20884527005557BOWL SOLUTION 16OZ POLY DISP ST LF 75/","2","2","0","CA","","HBROR - A3C4-2001407","Required"
"M-70803","EXCISION/REPAIR: SOFT TISSUE GENITALIA  - FIGLER, B","Supply / Disposable","00","6","1","0","EA","","","Required"
"M-70803","EXCISION/REPAIR: SOFT TISSUE GENITALIA  - FIGLER, B","Supply / Disposable",", 00810019800306Pack Gown Standard Xlg 1004d W /Towel Ster1004D","1","0","1","EA","","HBROR - A4C1-2004682","Required"
"M-70803","EXCISION/REPAIR: SOFT TISSUE GENITALIA  - FIGLER, B","Supply / Disposable",", 10885380027406GLOVE SURG SZ 7.5 BLUE W/NEU-THERA LF PF ST PROTEXIS 2D73EB75","1","1","0","EA","","HBROR - A4C3-20051133","Required"
"M-70803","EXCISION/REPAIR: SOFT TISSUE GENITALIA  - FIGLER, B","Supply / Disposable",", 10885380031946GLOVE SURG SZ 7 SYNTHETIC CREAM LF PF ST PROTEXIS PI 2D72PT70X","1","1","0","EA","","HBROR - A4C3-4051091","Required"
"M-70803","EXCISION/REPAIR: SOFT TISSUE GENITALIA  - FIGLER, B","Supply / Disposable",", 10705031039681Sut Vicryl 2-0 Sh Ndl 27in J417hJ417H","1","0","1","EA","","HBROR - A4C5-30011566","Required"
"M-70803","EXCISION/REPAIR: SOFT TISSUE GENITALIA  - FIGLER, B","Supply / Disposable",", 10705031039643Sut Vicryl 4-0 Sh Ndl 27in Undyed J415hJ415H","1","0","1","EA","","HBROR - A4C6-10004653","Required"
"M-70803","EXCISION/REPAIR: SOFT TISSUE GENITALIA  - FIGLER, B","Supply / Disposable",", 10884521104372Stapler Skin Appose 35 Wide 12/Bx 48/Ca D-027582-10108886803712","0","0","0","EA","","HBROR - A5C2-22051924","PRN / Inactive"
"M-70803","EXCISION/REPAIR: SOFT TISSUE GENITALIA  - FIGLER, B","Supply / Disposable",", 00707387507343DRAPE IOBAN STERI INCISE SM 35CM X 35CM 10EA/","1","0","1","BX","","HBROR - A5C6-19000416","Required"
"M-70803","EXCISION/REPAIR: SOFT TISSUE GENITALIA  - FIGLER, B","Supply / Disposable","0EZ","6","6","4","EA","","","Required"
"M-70803","EXCISION/REPAIR: SOFT TISSUE GENITALIA  - FIGLER, B","Supply / Disposable",", 10705031054370Sut Vicryl Plus 2-0 Violet Ur- 6 Ndl 27in Vcp602hVCP602H","1","0","1","EA","","HBROR025070","Required"
"M-70803","EXCISION/REPAIR: SOFT TISSUE GENITALIA  - FIGLER, B","Supply / Disposable",", 10884521709874COVER WAND RF DETECTABLE ST01-0020","1","0","1","EA","","HBROR025178","Required"
"M-70803","EXCISION/REPAIR: SOFT TISSUE GENITALIA  - FIGLER, B","Supply / Disposable","/CA S-317945/444131 2F7114","0","0","0","EA","","HBROR032867Glove Dpc Latex Free Biogel GLVDPC1EA000HBROR032869Glove Dpc Duraprene Plus PfGLVDPC3EA000HBROR032870Glove Dpc Pi ProtexisGLVDPC4EA000HBROR032871Glove Dpc Ortho ProtexisGLVDPC5EA000HBROR032872Glove Dpc Blue ProtexisGLVDPC6EA000HBROR032873Glove Dpc Micro ProtexisGLVDPC7EA110HBROR051941SOLN IRRIG H2O ST 1000ML BTL 12","PRN / Inactive"
"M-70803","EXCISION/REPAIR: SOFT TISSUE GENITALIA  - FIGLER, B","Supply / Disposable",", 20080196692955Sponge Super Prep 6x6.75 O-002328NON25854","1","1","0","EA","","HBROR053921Chloraprep 26ml Orng St O-050864930815EA110HBROR054986","Required"
"M-70803","EXCISION/REPAIR: SOFT TISSUE GENITALIA  - FIGLER, B","Supply / Disposable",", 10195327017095PACK PROCEDURE LITHOTOMY CUSTOM STERILEDYNJ80236","1","1","0","EA","","HBROR239051","Required"
"M-70803","EXCISION/REPAIR: SOFT TISSUE GENITALIA  - FIGLER, B","Supply / Disposable",", 10192253047868Drsg Gauze 5x9 St Xeroform R-0533978884433605","2","0","2","EA","","HBROR315421","Required"
"M-70803","EXCISION/REPAIR: SOFT TISSUE GENITALIA  - FIGLER, B","Supply / Disposable",", 10080196739714Drape Surg 77x53in Fanfold Rei Nforced AuroraDYNJP2414","2","0","2","EA","","HBROR341292","Required"
"M-70803","EXCISION/REPAIR: SOFT TISSUE GENITALIA  - FIGLER, B","Drug / Medication","OR injection builder (0 mL)","1","0","1","EA","","Pharmacy","PRN"
"M-70803","EXCISION/REPAIR: SOFT TISSUE GENITALIA  - FIGLER, B","Drug / Medication","bupivacaine 0.25%-EPINEPHrine 1:200,000 (MARCAINE-PF w/EPI) injection (30 mL)","1","0","1","EA","","Pharmacy","PRN"
"M-70803","EXCISION/REPAIR: SOFT TISSUE GENITALIA  - FIGLER, B","Drug / Medication","matrix hemostatic sealant (FLOSEAL) (10 mL)","1","0","1","EA","","Pharmacy","PRN"
"M-70803","EXCISION/REPAIR: SOFT TISSUE GENITALIA  - FIGLER, B","Drug / Medication","Comments: h/asodium chloride 0.9% (NS) irrigation (1,000 mL)","1","1","0","EA","","Pharmacy","Open"
"M-70803","EXCISION/REPAIR: SOFT TISSUE GENITALIA  - FIGLER, B","Capital Equipment","Console RFID","1","1","0","EA","","OR Room / Core","Required: Yes"
"M-70803","EXCISION/REPAIR: SOFT TISSUE GENITALIA  - FIGLER, B","Capital Equipment","ESU","1","1","0","EA","","OR Room / Core","Required: Yes"
"M-70803","EXCISION/REPAIR: SOFT TISSUE GENITALIA  - FIGLER, B","Capital Equipment","Sequential Compression Device","1","1","0","EA","","OR Room / Core","Required: Yes"
"M-70803","EXCISION/REPAIR: SOFT TISSUE GENITALIA  - FIGLER, B","Capital Equipment","Suction Neptune","1","1","0","EA","","OR Room / Core","Required: Yes"
"M-70803","EXCISION/REPAIR: SOFT TISSUE GENITALIA  - FIGLER, B","Capital Equipment","Warmer Forced Air","1","1","0","EA","","OR Room / Core","Required: Yes"
"M-70803","EXCISION/REPAIR: SOFT TISSUE GENITALIA  - FIGLER, B","Instrument / Tray","HBR URO Urology Minor","1","1","0","TRAY","","Sterile Processing / Core","Required: Yes"
"M-78821","EXPLORATORY LAPAROTOMY - FIGLER, B","Supply / Disposable",", 10884524000077Pad Ground Electrode Adl 30lb D-319853-026613 R-01420E7507","1","1","0","EA","","HBROR - A3C1-41100642","Required"
"M-78821","EXPLORATORY LAPAROTOMY - FIGLER, B","Supply / Disposable",", 00801741049569EVACUATOR SUCTION 100ML 10/BX D-2244810070740","0","0","0","EA","","HBROR - A3C3-15001712","PRN / Inactive"
"M-78821","EXPLORATORY LAPAROTOMY - FIGLER, B","Supply / Disposable",", 10885380027390GLOVE SURG SZ 7 BLUE W/NEU-THERA LF PF ST PROTEXIS PI 2D73EB70","1","1","0","EA","","HBROR - A4C3-19051132","Required"
"M-78821","EXPLORATORY LAPAROTOMY - FIGLER, B","Supply / Disposable",", 10885380031946GLOVE SURG SZ 7 SYNTHETIC CREAM LF PF ST PROTEXIS PI 2D72PT70X","1","1","0","EA","","HBROR - A4C3-4051091","Required"
"M-78821","EXPLORATORY LAPAROTOMY - FIGLER, B","Supply / Disposable",", 10705031002173SUT ETHILON 2-0 PSLX 30IN 36PK/BX D-3400681697H","1","0","1","EA","","HBROR - A4C4-30000638","Required"
"M-78821","EXPLORATORY LAPAROTOMY - FIGLER, B","Supply / Disposable",", 10705031061996Sut Pds Ii 0 Tp-1ndl 60in Loop Z991g 12pk/BxZ991G","2","2","0","EA","","HBROR - A4C4-39017499","Required"
"M-78821","EXPLORATORY LAPAROTOMY - FIGLER, B","Supply / Disposable",", 10705031059375SUT MONOCRYL 4-0 PS2 18IN SUT UNDYED MONOFIL ABSORB 1Y496G","2","0","2","EA","","HBROR - A4C6-34000810","Required"
"M-78821","EXPLORATORY LAPAROTOMY - FIGLER, B","Supply / Disposable",", 10705031042919SUT 3-0 VIO BRD 8-18IN SA SH CR COATED VICRYL 12/BX OJ774D","1","1","0","EA","","HBROR - A4C6-9000722","Required"
"M-78821","EXPLORATORY LAPAROTOMY - FIGLER, B","Supply / Disposable",", 10884521104372Stapler Skin Appose 35 Wide 12/Bx 48/Ca D-027582-10108886803712","0","0","0","EA","","HBROR - A5C2-22051924","PRN / Inactive"
"M-78821","EXPLORATORY LAPAROTOMY - FIGLER, B","Supply / Disposable",", 10705031203532Adhesive Skin Dermabond Advanc D 12/Bx O 128446 N-389DNX12","2","2","0","EA","","HBROR - A6C2-32051163","Required"
"M-78821","EXPLORATORY LAPAROTOMY - FIGLER, B","Supply / Disposable",", 10884521004726Tube Salem Sump W/Arv 18fr 50/Ca D-113379 N-055031 8888266148","1","1","0","EA","","HBROR001878","Required"
"M-78821","EXPLORATORY LAPAROTOMY - FIGLER, B","Supply / Disposable",", 10884521709874COVER WAND RF DETECTABLE ST01-0020","1","0","1","EA","","HBROR025178","Required"
"M-78821","EXPLORATORY LAPAROTOMY - FIGLER, B","Supply / Disposable","/3 Towels127338A","1","1","0","EA","","HBROR032790Pack 4 Gown W","Required"
"M-78821","EXPLORATORY LAPAROTOMY - FIGLER, B","Supply / Disposable","/CA S-317945/444131 2F7114","0","0","0","EA","","HBROR032867Glove Dpc Latex Free Biogel GLVDPC1EA000HBROR032869Glove Dpc Duraprene Plus PfGLVDPC3EA000HBROR032870Glove Dpc Pi ProtexisGLVDPC4EA000HBROR032871Glove Dpc Ortho ProtexisGLVDPC5EA000HBROR032872Glove Dpc Blue ProtexisGLVDPC6EA000HBROR032873Glove Dpc Micro ProtexisGLVDPC7EA110HBROR051941SOLN IRRIG H2O ST 1000ML BTL 12","PRN / Inactive"
"M-78821","EXPLORATORY LAPAROTOMY - FIGLER, B","Supply / Disposable",", 00801741090769Drain Flat Silicone 10mm 10/Ca O-001604-2243760070440","0","0","0","EA","","HBROR052692","PRN / Inactive"
"M-78821","EXPLORATORY LAPAROTOMY - FIGLER, B","Supply / Disposable",", 10080196723140Drape Surg 121x102x78in Lap TDYNJP3003","1","1","0","EA","","HBROR052795SLEEVE SCD KNEE LENGTH MED 21IN BLENDED EXPRESS KENDA9529BPR110HBROR218815","Required"
"M-78821","EXPLORATORY LAPAROTOMY - FIGLER, B","Supply / Disposable",", 00707387775162Blanket Upper Body R-00137442234","1","1","0","EA","","HBROR224118","Required"
"M-78821","EXPLORATORY LAPAROTOMY - FIGLER, B","Supply / Disposable",", 10080196751839Dressing 2x2 Island R-002417MSC3222","1","1","0","EA","","HBROR232221","Required"
"M-78821","EXPLORATORY LAPAROTOMY - FIGLER, B","Supply / Disposable",", 10195327016777PACK PROCEDURE UROLOGY CUSTOM STERILEDYNJ80252","1","1","0","EA","","HBROR239076","Required"
"M-78821","EXPLORATORY LAPAROTOMY - FIGLER, B","Drug / Medication","OR injection builder (0 mL)","1","0","1","EA","","Pharmacy","PRN"
"M-78821","EXPLORATORY LAPAROTOMY - FIGLER, B","Drug / Medication","bupivacaine 0.25%-EPINEPHrine 1:200,000 (MARCAINE-PF w/EPI) injection (30 mL)","1","0","1","EA","","Pharmacy","PRN"
"M-78821","EXPLORATORY LAPAROTOMY - FIGLER, B","Capital Equipment","Console RFID","1","1","0","EA","","OR Room / Core","Required: Yes"
"M-78821","EXPLORATORY LAPAROTOMY - FIGLER, B","Capital Equipment","ESU","1","1","0","EA","","OR Room / Core","Required: Yes"
"M-78821","EXPLORATORY LAPAROTOMY - FIGLER, B","Capital Equipment","Sequential Compression Device","1","1","0","EA","","OR Room / Core","Required: Yes"
"M-78821","EXPLORATORY LAPAROTOMY - FIGLER, B","Capital Equipment","Suction Neptune","1","1","0","EA","","OR Room / Core","Required: Yes"
"M-78821","EXPLORATORY LAPAROTOMY - FIGLER, B","Capital Equipment","Warmer Forced Air","1","1","0","EA","","OR Room / Core","Required: Yes"
"M-78821","EXPLORATORY LAPAROTOMY - FIGLER, B","Instrument / Tray","HBR GEN Bookwalter Retractor A","1","1","0","TRAY","","Sterile Processing / Core","Required: Yes"
"M-78821","EXPLORATORY LAPAROTOMY - FIGLER, B","Instrument / Tray","HBR GEN Bookwalter Retractor B","1","1","0","TRAY","","Sterile Processing / Core","Required: Yes"
"M-78821","EXPLORATORY LAPAROTOMY - FIGLER, B","Instrument / Tray","HBR GEN Major","1","1","0","TRAY","","Sterile Processing / Core","Required: Yes"
"M-78821","EXPLORATORY LAPAROTOMY - FIGLER, B","Instrument / Tray","HBR URO Urology Long Extras","1","1","0","TRAY","","Sterile Processing / Core","Required: Yes"
"M-74397","METOIDIOPLASTY - FIGLER, B","Supply / Disposable",", 00888937015478Stay Surgical Elastic Single H Ook 5mm Blue3311-1GEANote: Lithotomy 101HBROR - A3C1-12050936, 10884521713291Blade Electrode 6.5 In 50/Ca O- 010890 D-004976E1551-6","8","0","8","EA","","HBROR - A1C3-27014783","Required"
"M-74397","METOIDIOPLASTY - FIGLER, B","Supply / Disposable",", 10884524000077Pad Ground Electrode Adl 30lb D-319853-026613 R-01420E7507","1","0","1","EA","","HBROR - A3C1-18013263Forcep Bipolar Cautery Bayonet Insulated20-1370IEA110HBROR - A3C1-41100642","Required"
"M-74397","METOIDIOPLASTY - FIGLER, B","Supply / Disposable",", 10884524000053Pencil Cautery Electrosurg W/Holster 50/CaE2516H","1","1","0","EA","","HBROR - A3C1-6050934","Required"
"M-74397","METOIDIOPLASTY - FIGLER, B","Supply / Disposable",", 00085412001050Set Irrigation Cysto W/Cath 81In Ad Pr Clamp D-0108352C4040","1","1","0","EA","","HBROR - A3C3-24052011","Required"
"M-74397","METOIDIOPLASTY - FIGLER, B","Supply / Disposable",", 10884521007819PLUG CATHETER DRAINAGE PROTECTOR CA/50 R-3446221600","1","0","1","EA","","HBROR - A3C5-8 001702","Required"
"M-74397","METOIDIOPLASTY - FIGLER, B","Supply / Disposable",", 10885380027291GLOVE SURG SZ 7.5 CREAM SYNTHETIC LF PF PROTEXIS PI M2D73PM75","2","1","1","EA","","HBROR - A4C3-13051084","Required"
"M-74397","METOIDIOPLASTY - FIGLER, B","Supply / Disposable",", 10885380027406GLOVE SURG SZ 7.5 BLUE W/NEU-THERA LF PF ST PROTEXIS 2D73EB75","2","1","1","EA","","HBROR - A4C3-20051133","Required"
"M-74397","METOIDIOPLASTY - FIGLER, B","Supply / Disposable",", 10884521104372Stapler Skin Appose 35 Wide 12/Bx 48/Ca D-027582-10108886803712","1","1","0","EA","","HBROR - A5C2-22051924","Required"
"M-74397","METOIDIOPLASTY - FIGLER, B","Supply / Disposable",", 00382903028306Syringe 20ml Ll 48/Bx Ca/192 N-396178302830","1","1","0","EA","","HBROR - A5C3-1051860","Required"
"M-74397","METOIDIOPLASTY - FIGLER, B","Supply / Disposable",", 00382903029952Syringe 10ml Ll 5/Sr /Bx/200 400/Ca O-000599302995","2","2","0","EA","","HBROR - A5C3-10052913","Required"
"M-74397","METOIDIOPLASTY - FIGLER, B","Supply / Disposable",", 00382903051960NDL HYPODERMIC 18 GA 1.5IN REG BEVEL PRECISIONGLIDE 305196","1","1","0","EA","","HBROR - A5C3-12000553","Required"
"M-74397","METOIDIOPLASTY - FIGLER, B","Supply / Disposable",", 00382904051822NDL SPINAL QUINCKE POINT 20GA 25/","1","1","0","BX","","HBROR - A5C3-18000527","Required"
"M-74397","METOIDIOPLASTY - FIGLER, B","Supply / Disposable","182","4","0","5","EA","","","Required"
"M-74397","METOIDIOPLASTY - FIGLER, B","Supply / Disposable",", 00707387507350DRAPE STERI INCISE LG 60X45CM IOBAN 10EA/BX D-355296 6650EZEANote: If lithotomy case202HBROR - A6C1-11050697, 10884521700956Sponge Lap Rfd 18x18 Str 5/Pk 40pk/Ca S-INST-0631-118L1818-04P01C-1","2","0","2","PK","","HBROR - A5C6-20000415","Required"
"M-74397","METOIDIOPLASTY - FIGLER, B","Supply / Disposable",", 00653405002171Cord Bipolar 12ft Disp135166","1","1","0","EA","","HBROR362918Panties Mesh Xl 45in-70in O-002041MSC86400EA110HBROR382986BLADE SURG NO 11 PREMIUM TECHNOCUT O-00022403741EA110HBROR448590PACK MINOR UROLOGYDYNJT7137EA101HBROR010894","Required"
"M-74397","METOIDIOPLASTY - FIGLER, B","Supply / Disposable","/3 Towels127338A","1","1","0","EA","","HBROR032790Pack 4 Gown W","Required"
"M-74397","METOIDIOPLASTY - FIGLER, B","Supply / Disposable","/CA S-317945/444131 2F7114","1","1","0","EA","","HBROR051941SOLN IRRIG H2O ST 1000ML BTL 12","Required"
"M-74397","METOIDIOPLASTY - FIGLER, B","Supply / Disposable",", 10193489378023Set Marker Skin Utility W/Lab Els O-395055LBL0001291","1","1","0","EA","","HBROR052795SLEEVE SCD KNEE LENGTH MED 21IN BLENDED EXPRESS KENDA9529BPR220HBROR053921Chloraprep 26ml Orng St O-050864930815EA101HBROR054140","Required"
"M-74397","METOIDIOPLASTY - FIGLER, B","Supply / Disposable",", 20080196692955Sponge Super Prep 6x6.75 O-002328NON25854","2","2","0","EA","","HBROR054986","Required"
"M-74397","METOIDIOPLASTY - FIGLER, B","Supply / Disposable",", 10884521713321Electrode Stnls Stl Ndl 1.1in D-026608E1552","1","0","1","EA","","HBROR100014","Required"
"M-74397","METOIDIOPLASTY - FIGLER, B","Supply / Disposable",", 00801741029752Cath Foley Silc 16fr 5ml 12/Ca N-001480165816","2","1","1","EA","","HBROR101539","Required"
"M-74397","METOIDIOPLASTY - FIGLER, B","Supply / Disposable",", 80080196288419Legging Lithotomy Convt R-002147DYNJP2461","1","1","0","EA","","HBROR220255","Required"
"M-74397","METOIDIOPLASTY - FIGLER, B","Supply / Disposable",", 00707387775162Blanket Upper Body R-00137442234","1","1","0","EA","","HBROR224118","Required"
"M-74397","METOIDIOPLASTY - FIGLER, B","Supply / Disposable",", 10080196845460Cath Foley Sil 18fr 5ml Bal 2w AyDYND11503","1","0","1","EA","","HBROR226443","Required"
"M-74397","METOIDIOPLASTY - FIGLER, B","Supply / Disposable",", 10888277107465Tip Suction Yankau Std On OffOR164","1","1","0","EA","","HBROR266357","Required"
"M-74397","METOIDIOPLASTY - FIGLER, B","Supply / Disposable",", 00801741029509BAG DRAINAGE URINE 2000ML 48IN TUBE ANTI REFLUX CHAMB154002","1","0","1","EA","","HBROR315222","Required"
"M-74397","METOIDIOPLASTY - FIGLER, B","Supply / Disposable",", 00801741029738Cath Foley Silc 12fr 5ml Ball 12/Ca N-001478165812","1","0","1","EA","","HBROR356599","Required"
"M-74397","METOIDIOPLASTY - FIGLER, B","Supply / Disposable",", 10885380142994Drape Lithotomy 35x44x102in Lf St Disp29455","1","0","1","EA","","HBROR357149","Required"
"M-74397","METOIDIOPLASTY - FIGLER, B","Supply / Disposable",", 00827002266551Introducer Suprapubic One-StepG26655","1","1","0","EA","","HBROR372983","Required"
"M-74397","METOIDIOPLASTY - FIGLER, B","Supply / Disposable",", 10858701006282Kit Surg Spy-Phi Drug DrapeHH9006","1","1","0","EA","","HBROR392095","Required"
"M-74397","METOIDIOPLASTY - FIGLER, B","Supply / Disposable",", 10080196291588Lube Jelly 2oz St Flip Top Tub E O-051123 R-395032 MDS032285","1","1","0","EA","","HBROR395053","Required"
"M-74397","METOIDIOPLASTY - FIGLER, B","Supply / Disposable",", 10080196845095DRESSING GAUZE ROLL 3.4INX3.6YD 6 PLY COTTON LF ST BUNON25861","2","2","0","EA","","HBROR422025","Required"
"M-74397","METOIDIOPLASTY - FIGLER, B","Drug / Medication","OR injection builder (0 mL)","1","0","1","EA","","Pharmacy","PRN"
"M-74397","METOIDIOPLASTY - FIGLER, B","Drug / Medication","bupivacaine 0.25%-EPINEPHrine 1:200,000 (MARCAINE-PF w/EPI) injection (30 mL)","1","0","1","EA","","Pharmacy","PRN"
"M-74397","METOIDIOPLASTY - FIGLER, B","Drug / Medication","sterile water for irrigation (1,000 mL)","1","1","0","EA","","Pharmacy","Open"
"M-74397","METOIDIOPLASTY - FIGLER, B","Capital Equipment","Console RFID","1","1","0","EA","","OR Room / Core","Required: Yes"
"M-74397","METOIDIOPLASTY - FIGLER, B","Capital Equipment","Device Spy Phi","1","1","0","EA","","OR Room / Core","Required: Yes"
"M-74397","METOIDIOPLASTY - FIGLER, B","Capital Equipment","ESU","2","2","0","EA","","OR Room / Core","Required: Yes"
"M-74397","METOIDIOPLASTY - FIGLER, B","Capital Equipment","2 needed for vaginoplasty casesGenerator Ligasure","1","1","0","EA","","OR Room / Core","Required: Yes"
"M-74397","METOIDIOPLASTY - FIGLER, B","Capital Equipment","Headlight","1","1","0","EA","","OR Room / Core","Required: Yes"
"M-74397","METOIDIOPLASTY - FIGLER, B","Capital Equipment","Sequential Compression Device","1","1","0","EA","","OR Room / Core","Required: Yes"
"M-74397","METOIDIOPLASTY - FIGLER, B","Capital Equipment","Stand Mayo","2","2","0","EA","","OR Room / Core","Required: Yes"
"M-74397","METOIDIOPLASTY - FIGLER, B","Capital Equipment","Suction Neptune","1","1","0","EA","","OR Room / Core","Required: Yes"
"M-74397","METOIDIOPLASTY - FIGLER, B","Capital Equipment","Table Back Large","2","2","0","EA","","OR Room / Core","Required: Yes"
"M-74397","METOIDIOPLASTY - FIGLER, B","Capital Equipment","Table OR Trumpf 7000","1","1","0","EA","","OR Room / Core","Required: Yes"
"M-74397","METOIDIOPLASTY - FIGLER, B","Capital Equipment","Video Tower","1","1","0","EA","","OR Room / Core","Required: Yes"
"M-74397","METOIDIOPLASTY - FIGLER, B","Capital Equipment","Warmer Forced Air","1","1","0","EA","","OR Room / Core","Required: Yes"
"M-74397","METOIDIOPLASTY - FIGLER, B","Instrument / Tray","HBR GYN Weighted Speculums","1","1","0","TRAY","","Sterile Processing / Core","Required: Yes"
"M-74397","METOIDIOPLASTY - FIGLER, B","Instrument / Tray","HBR URO Olympus HD Flexible Cystoscope","1","1","0","TRAY","","Sterile Processing / Core","Required: Yes"
"M-74397","METOIDIOPLASTY - FIGLER, B","Instrument / Tray","HBR URO Perineal Bookwalter A","1","1","0","TRAY","","Sterile Processing / Core","Required: Yes"
"M-74397","METOIDIOPLASTY - FIGLER, B","Instrument / Tray","HBR URO Perineal Bookwalter B","1","1","0","TRAY","","Sterile Processing / Core","Required: Yes"
"M-74397","METOIDIOPLASTY - FIGLER, B","Instrument / Tray","HBR URO Recon","1","1","0","TRAY","","Sterile Processing / Core","Required: Yes"
"M-74397","METOIDIOPLASTY - FIGLER, B","Instrument / Tray","HBR URO Urology Minor","1","1","0","TRAY","","Sterile Processing / Core","Required: Yes"
"M-83509","METOIDIOPLASTY SECOND STAGE WITH IMPLANTS - FIGLER, B","Supply / Disposable",", 10884524000077Pad Ground Electrode Adl 30lb D-319853-026613 R-01420E7507","1","1","0","EA","","HBROR - A3C1-41100642","Required"
"M-83509","METOIDIOPLASTY SECOND STAGE WITH IMPLANTS - FIGLER, B","Supply / Disposable",", 10884524000053Pencil Cautery Electrosurg W/Holster 50/CaE2516H","1","1","0","EA","","HBROR - A3C1-6050934","Required"
"M-83509","METOIDIOPLASTY SECOND STAGE WITH IMPLANTS - FIGLER, B","Supply / Disposable",", 07332551292706GLOVE SURG UNDER SZ 7.5 BLUE LF PF ST BIOGEL PI INDIC41675","1","1","0","EA","","HBROR - A4C2-12027325","Required"
"M-83509","METOIDIOPLASTY SECOND STAGE WITH IMPLANTS - FIGLER, B","Supply / Disposable",", 10885380027406GLOVE SURG SZ 7.5 BLUE W/NEU-THERA LF PF ST PROTEXIS 2D73EB75","1","1","0","EA","","HBROR - A4C3-20051133","Required"
"M-83509","METOIDIOPLASTY SECOND STAGE WITH IMPLANTS - FIGLER, B","Supply / Disposable",", 10885380031953GLOVE SURG SZ 7.5 SYNTHETIC CREAM LF PF ST PROTEXIS P2D72PT75X","1","1","0","EA","","HBROR - A4C3-5051092","Required"
"M-83509","METOIDIOPLASTY SECOND STAGE WITH IMPLANTS - FIGLER, B","Supply / Disposable",", 10705031203532Adhesive Skin Dermabond Advanc D 12/Bx O 128446 N-389DNX12","2","1","1","EA","","HBROR - A6C2-32051163","Required"
"M-83509","METOIDIOPLASTY SECOND STAGE WITH IMPLANTS - FIGLER, B","Supply / Disposable",", 00707387444433DRAPE POUCH IOBAN 26658EANote: Uses a second for Salvage procedures101HBROR025178, 10884521709874COVER WAND RF DETECTABLE ST01-0020","1","1","0","EA","","HBROR448590PACK MINOR UROLOGYDYNJT7137EA211HBROR003415","Required"
"M-83509","METOIDIOPLASTY SECOND STAGE WITH IMPLANTS - FIGLER, B","Supply / Disposable","/Pk127503","1","1","0","EA","","HBROR032402Towel Drape 5","Required"
"M-83509","METOIDIOPLASTY SECOND STAGE WITH IMPLANTS - FIGLER, B","Supply / Disposable","/3 Towels127338A","1","1","0","EA","","HBROR032790Pack 4 Gown W","Required"
"M-83509","METOIDIOPLASTY SECOND STAGE WITH IMPLANTS - FIGLER, B","Supply / Disposable",", 10080196723140Drape Surg 121x102x78in Lap TDYNJP3003","0","0","0","EA","","HBROR032867Glove Dpc Latex Free Biogel GLVDPC1EA000HBROR032869Glove Dpc Duraprene Plus PfGLVDPC3EA000HBROR032870Glove Dpc Pi ProtexisGLVDPC4EA000HBROR032871Glove Dpc Ortho ProtexisGLVDPC5EA000HBROR032872Glove Dpc Blue ProtexisGLVDPC6EA000HBROR032873Glove Dpc Micro ProtexisGLVDPC7EA220HBROR053921Chloraprep 26ml Orng St O-050864930815EA110HBROR218815","PRN / Inactive"
"M-83509","METOIDIOPLASTY SECOND STAGE WITH IMPLANTS - FIGLER, B","Supply / Disposable",", 10888277107465Tip Suction Yankau Std On OffOR164","1","1","0","EA","","HBROR266357","Required"
"M-83509","METOIDIOPLASTY SECOND STAGE WITH IMPLANTS - FIGLER, B","Supply / Disposable",", 10080196692378Dressing Roll Sof-Form 2in 12/Bx R-002004NON25496","1","1","0","EA","","HBROR341740","Required"
"M-83509","METOIDIOPLASTY SECOND STAGE WITH IMPLANTS - FIGLER, B","Supply / Disposable",", 10080196998593Tray Skin Prep O-000455DYND70661","1","1","0","EA","","HBROR347533","Required"
"M-83509","METOIDIOPLASTY SECOND STAGE WITH IMPLANTS - FIGLER, B","Drug / Medication","OR injection builder (0 mL)","1","0","1","EA","","Pharmacy","PRN"
"M-83509","METOIDIOPLASTY SECOND STAGE WITH IMPLANTS - FIGLER, B","Drug / Medication","sodium chloride 0.9% (NS) irrigation (1,000 mL)","1","1","0","EA","","Pharmacy","Open"
"M-83509","METOIDIOPLASTY SECOND STAGE WITH IMPLANTS - FIGLER, B","Drug / Medication","sterile water for irrigation (1,000 mL)","1","1","0","EA","","Pharmacy","Open"
"M-83509","METOIDIOPLASTY SECOND STAGE WITH IMPLANTS - FIGLER, B","Capital Equipment","Console RFID","1","1","0","EA","","OR Room / Core","Required: Yes"
"M-83509","METOIDIOPLASTY SECOND STAGE WITH IMPLANTS - FIGLER, B","Capital Equipment","ESU","1","1","0","EA","","OR Room / Core","Required: Yes"
"M-83509","METOIDIOPLASTY SECOND STAGE WITH IMPLANTS - FIGLER, B","Capital Equipment","Sequential Compression Device","1","1","0","EA","","OR Room / Core","Required: Yes"
"M-83509","METOIDIOPLASTY SECOND STAGE WITH IMPLANTS - FIGLER, B","Capital Equipment","Suction Neptune","1","1","0","EA","","OR Room / Core","Required: Yes"
"M-83509","METOIDIOPLASTY SECOND STAGE WITH IMPLANTS - FIGLER, B","Capital Equipment","Warmer Forced Air","1","1","0","EA","","OR Room / Core","Required: Yes"
"M-83509","METOIDIOPLASTY SECOND STAGE WITH IMPLANTS - FIGLER, B","Instrument / Tray","HBR URO Urology Minor","1","1","0","TRAY","","Sterile Processing / Core","Required: Yes"
"M-75977","MINOR GENITAL - FIGLER, B","Supply / Disposable",", 10884524000077Pad Ground Electrode Adl 30lb D-319853-026613 R-01420E7507","1","1","0","EA","","HBROR - A3C1-41100642","Required"
"M-75977","MINOR GENITAL - FIGLER, B","Supply / Disposable",", 10884524000053Pencil Cautery Electrosurg W/Holster 50/CaE2516H","1","1","0","EA","","HBROR - A3C1-6050934","Required"
"M-75977","MINOR GENITAL - FIGLER, B","Supply / Disposable",", 10885380027291GLOVE SURG SZ 7.5 CREAM SYNTHETIC LF PF PROTEXIS PI M2D73PM75","4","2","2","EA","","HBROR - A4C3-13051084","Required"
"M-75977","MINOR GENITAL - FIGLER, B","Supply / Disposable",", 10885380027390GLOVE SURG SZ 7 BLUE W/NEU-THERA LF PF ST PROTEXIS PI 2D73EB70","1","1","0","EA","","HBROR - A4C3-19051132","Required"
"M-75977","MINOR GENITAL - FIGLER, B","Supply / Disposable",", 10885380027406GLOVE SURG SZ 7.5 BLUE W/NEU-THERA LF PF ST PROTEXIS 2D73EB75","2","1","1","EA","","HBROR - A4C3-20051133","Required"
"M-75977","MINOR GENITAL - FIGLER, B","Supply / Disposable",", 10885380031939GLOVE SURG SZ 6.5 CREAM SYNTHETIC LF PF ST PROTEXIS P2D72PT65X","1","1","0","EA","","HBROR - A4C3-3051090","Required"
"M-75977","MINOR GENITAL - FIGLER, B","Supply / Disposable",", 10884521104372Stapler Skin Appose 35 Wide 12/Bx 48/Ca D-027582-10108886803712","2","2","0","EA","","HBROR - A5C2-22051924","Required"
"M-75977","MINOR GENITAL - FIGLER, B","Supply / Disposable",", 00382903028306Syringe 20ml Ll 48/Bx Ca/192 N-396178302830","1","1","0","EA","","HBROR - A5C3-1051860","Required"
"M-75977","MINOR GENITAL - FIGLER, B","Supply / Disposable",", 00382903051960NDL HYPODERMIC 18 GA 1.5IN REG BEVEL PRECISIONGLIDE 305196","1","1","0","EA","","HBROR - A5C3-12000553","Required"
"M-75977","MINOR GENITAL - FIGLER, B","Supply / Disposable",", 10884521700956Sponge Lap Rfd 18x18 Str 5/Pk 40pk/Ca S-INST-0631-118L1818-04P01C-1","1","1","0","PK","","HBROR - A6C1-11050697","Required"
"M-75977","MINOR GENITAL - FIGLER, B","Supply / Disposable","/3 Towels127338A","1","0","1","EA","","HBROR362918Panties Mesh Xl 45in-70in O-002041MSC86400EA110HBROR448590PACK MINOR UROLOGYDYNJT7137EA110HBROR032790Pack 4 Gown W","Required"
"M-75977","MINOR GENITAL - FIGLER, B","Supply / Disposable","/CA S-317945/444131 2F7114","2","2","0","EA","","HBROR051941SOLN IRRIG H2O ST 1000ML BTL 12","Required"
"M-75977","MINOR GENITAL - FIGLER, B","Supply / Disposable",", 10080196723140Drape Surg 121x102x78in Lap TDYNJP3003","1","1","0","EA","","HBROR052795SLEEVE SCD KNEE LENGTH MED 21IN BLENDED EXPRESS KENDA9529BPR110HBROR053921Chloraprep 26ml Orng St O-050864930815EA110HBROR218815","Required"
"M-75977","MINOR GENITAL - FIGLER, B","Supply / Disposable",", 00707387775162Blanket Upper Body R-00137442234","1","1","0","EA","","HBROR224118","Required"
"M-75977","MINOR GENITAL - FIGLER, B","Supply / Disposable",", 10888277107465Tip Suction Yankau Std On OffOR164","1","1","0","EA","","HBROR266357","Required"
"M-75977","MINOR GENITAL - FIGLER, B","Supply / Disposable",", DRESSING GAUZE ROLL 3.4INX3.6YD 6 PLY NON25861","2","2","0","EA","","HBROR422025","Required"
"M-75977","MINOR GENITAL - FIGLER, B","Drug / Medication","bupivacaine 0.25%-EPINEPHrine 1:200,000 (MARCAINE-PF w/EPI) injection (0 mL)","2","0","2","EA","","Pharmacy","PRN"
"M-75977","MINOR GENITAL - FIGLER, B","Drug / Medication","sterile water for irrigation (1,000 mL)","2","2","0","EA","","Pharmacy","Open"
"M-75977","MINOR GENITAL - FIGLER, B","Capital Equipment","Console RFID","1","1","0","EA","","OR Room / Core","Required: Yes"
"M-75977","MINOR GENITAL - FIGLER, B","Capital Equipment","ESU","1","1","0","EA","","OR Room / Core","Required: Yes"
"M-75977","MINOR GENITAL - FIGLER, B","Capital Equipment","2 needed for vaginoplasty casesSequential Compression Device","1","1","0","EA","","OR Room / Core","Required: Yes"
"M-75977","MINOR GENITAL - FIGLER, B","Capital Equipment","Stand Mayo","2","2","0","EA","","OR Room / Core","Required: Yes"
"M-75977","MINOR GENITAL - FIGLER, B","Capital Equipment","Suction Neptune","1","1","0","EA","","OR Room / Core","Required: Yes"
"M-75977","MINOR GENITAL - FIGLER, B","Capital Equipment","Table Back Large","2","2","0","EA","","OR Room / Core","Required: Yes"
"M-75977","MINOR GENITAL - FIGLER, B","Capital Equipment","Table OR Trumpf 7000","1","1","0","EA","","OR Room / Core","Required: Yes"
"M-75977","MINOR GENITAL - FIGLER, B","Capital Equipment","Warmer Forced Air","1","1","0","EA","","OR Room / Core","Required: Yes"
"M-75977","MINOR GENITAL - FIGLER, B","Instrument / Tray","HBR URO Urology Minor","1","1","0","TRAY","","Sterile Processing / Core","Required: Yes"
"M-110989","OPTILUME - FIGLER, B","Supply / Disposable",", 00085412001067Set Irrigation Cysto W/Rollerc 12/Ca2C4041","1","1","0","EA","","HBROR - A3C3-25052012","Required"
"M-110989","OPTILUME - FIGLER, B","Supply / Disposable",", 00707387775162Blanket Upper Body R-00137442234","1","0","1","EA","","HBROR242506BALO CATH 30FRX5CM OPTILUME DROPTBDL7005BEA000HBROR032867Glove Dpc Latex Free Biogel GLVDPC1EA000HBROR032869Glove Dpc Duraprene Plus PfGLVDPC3EA000HBROR032870Glove Dpc Pi ProtexisGLVDPC4EA000HBROR032871Glove Dpc Ortho ProtexisGLVDPC5EA000HBROR032872Glove Dpc Blue ProtexisGLVDPC6EA000HBROR032873Glove Dpc Micro ProtexisGLVDPC7EA110HBROR052795SLEEVE SCD KNEE LENGTH MED 21IN BLENDED EXPRESS KENDA9529BPR110HBROR224118","Required"
"M-110989","OPTILUME - FIGLER, B","Supply / Disposable",", 08714729755241Device Encore InflationM00566670","1","0","1","EA","","HBROR306053","Required"
"M-110989","OPTILUME - FIGLER, B","Drug / Medication","OR injection builder (0 mL)","1","0","1","EA","","Pharmacy","PRN"
"M-110989","OPTILUME - FIGLER, B","Drug / Medication","sterile water for irrigation (3,000 mL)","2","1","1","EA","","Pharmacy","Open"
"M-110989","OPTILUME - FIGLER, B","Capital Equipment","C Arm","1","1","0","EA","","OR Room / Core","Required: Yes"
"M-110989","OPTILUME - FIGLER, B","Capital Equipment","Console RFID","1","1","0","EA","","OR Room / Core","Required: Yes"
"M-110989","OPTILUME - FIGLER, B","Capital Equipment","ESU","1","1","0","EA","","OR Room / Core","Required: Yes"
"M-110989","OPTILUME - FIGLER, B","Capital Equipment","Sequential Compression Device","1","1","0","EA","","OR Room / Core","Required: Yes"
"M-110989","OPTILUME - FIGLER, B","Capital Equipment","Suction Neptune","1","1","0","EA","","OR Room / Core","Required: Yes"
"M-110989","OPTILUME - FIGLER, B","Capital Equipment","Table Maquet AlphaMaxx","1","1","0","EA","","OR Room / Core","Required: Yes"
"M-110989","OPTILUME - FIGLER, B","Capital Equipment","Video Tower","1","1","0","EA","","OR Room / Core","Required: Yes"
"M-110989","OPTILUME - FIGLER, B","Capital Equipment","OLYMPUS HDWarmer Forced Air","1","1","0","EA","","OR Room / Core","Required: Yes"
"M-110989","OPTILUME - FIGLER, B","Instrument / Tray","HBR GEN Stryker 1788 AIM Camera Head","1","1","0","TRAY","","Sterile Processing / Core","Required: Yes"
"M-110989","OPTILUME - FIGLER, B","Instrument / Tray","HBR URO Olympus HD Flexible Cystoscope","1","1","0","TRAY","","Sterile Processing / Core","Required: Yes"
"M-69622","PENECTOMY  - FIGLER, B","Supply / Disposable",", 10884524000077Pad Ground Electrode Adl 30lb D-319853-026613 R-01420E7507","1","1","0","EA","","HBROR - A3C1-41100642","Required"
"M-69622","PENECTOMY  - FIGLER, B","Supply / Disposable",", 10705031039681Sut Vicryl 2-0 Sh Ndl 27in J417hJ417H","5","4","1","EA","","HBROR - A4C5-30011566","Required"
"M-69622","PENECTOMY  - FIGLER, B","Supply / Disposable",", 10705031059375SUT MONOCRYL 4-0 PS2 18IN SUT UNDYED MONOFIL ABSORB 1Y496G","1","1","0","EA","","HBROR - A4C6-34000810","Required"
"M-69622","PENECTOMY  - FIGLER, B","Supply / Disposable",", 10705031023390Sut Silk 2-0 Sh Ndl Cr 8-18inc 012d 12pk/BxC012D","2","1","1","EA","","HBROR - A5C1-12017423","Required"
"M-69622","PENECTOMY  - FIGLER, B","Supply / Disposable",", 24026704696363HEMOCLIP LIGATING TITAN MED HORIZON 6/PK 30PK/","1","0","1","BX","","HBROR - A5C2-28000319","Required"
"M-69622","PENECTOMY  - FIGLER, B","Supply / Disposable","200","0","0","2","EA","","","PRN / Inactive"
"M-69622","PENECTOMY  - FIGLER, B","Supply / Disposable",", 24026704696387HEMOCLIP LIGATING TITANIUM LG HORIZON 6/PK 20PK/BX 004200","1","0","1","EA","","HBROR - A5C2-30000320","Required"
"M-69622","PENECTOMY  - FIGLER, B","Supply / Disposable",", 00382903096534SYRINGE 50ML LL 40/BX 4BX/","2","2","0","CA","","HBROR - A5C3-3000610","Required"
"M-69622","PENECTOMY  - FIGLER, B","Supply / Disposable","653","3","0","9","EA","","","Required"
"M-69622","PENECTOMY  - FIGLER, B","Supply / Disposable",", 10705031203532Adhesive Skin Dermabond Advanc D 12/Bx O 128446 N-389DNX12","1","1","0","EA","","HBROR - A6C2-32051163","Required"
"M-69622","PENECTOMY  - FIGLER, B","Supply / Disposable",".25x12 Str O-050695DYND50301","1","1","0","EA","","HBROR149721Vesseloop Maxi White O-000514DYNJVL03EA110HBROR231312Drain Penrose Lf 0","Required"
"M-69622","PENECTOMY  - FIGLER, B","Supply / Disposable",", 10884521709874COVER WAND RF DETECTABLE ST01-0020","1","1","0","EA","","HBROR395160Loop Vessel Mini Red St O-000513DYNJVL12EA101HBROR025178","Required"
"M-69622","PENECTOMY  - FIGLER, B","Supply / Disposable","/3 Towels127338A","1","1","0","EA","","HBROR032790Pack 4 Gown W","Required"
"M-69622","PENECTOMY  - FIGLER, B","Supply / Disposable",", 10705031053014SUT COATED VICRYL PLUS 3-0 SH 27 BX/36 R-000784VCP416H","0","0","0","EA","","HBROR032867Glove Dpc Latex Free Biogel GLVDPC1EA000HBROR032869Glove Dpc Duraprene Plus PfGLVDPC3EA000HBROR032870Glove Dpc Pi ProtexisGLVDPC4EA000HBROR032871Glove Dpc Ortho ProtexisGLVDPC5EA000HBROR032872Glove Dpc Blue ProtexisGLVDPC6EA000HBROR032873Glove Dpc Micro ProtexisGLVDPC7EA321HBROR050712","PRN / Inactive"
"M-69622","PENECTOMY  - FIGLER, B","Supply / Disposable","/CA S-317945/444131 2F7114","1","1","0","EA","","HBROR051941SOLN IRRIG H2O ST 1000ML BTL 12","Required"
"M-69622","PENECTOMY  - FIGLER, B","Supply / Disposable","/2 X 12 St O-050673DYND50322","1","1","0","EA","","HBROR052795SLEEVE SCD KNEE LENGTH MED 21IN BLENDED EXPRESS KENDA9529BPR211HBROR054973Drain Penrose Lf 1","Required"
"M-69622","PENECTOMY  - FIGLER, B","Supply / Disposable",", Sponge Super Prep 6x6.75 O-002328NON25854","1","0","1","EA","","HBROR054986","Required"
"M-69622","PENECTOMY  - FIGLER, B","Supply / Disposable","2955110HBROR055066, 10885380150081Cont Specimen Sterile 120ml O-000267C13901","2","0","0","EA","8019669","","Required"
"M-69622","PENECTOMY  - FIGLER, B","Supply / Disposable",", 00707387775162Blanket Upper Body R-00137442234","1","1","0","EA","","HBROR224118","Required"
"M-69622","PENECTOMY  - FIGLER, B","Supply / Disposable",", 10195327017095PACK PROCEDURE LITHOTOMY CUSTOM STERILEDYNJ80236","1","1","0","EA","","HBROR239051","Required"
"M-69622","PENECTOMY  - FIGLER, B","Supply / Disposable",", 00197344103662SUPPORT SCROTAL LARGE ATHLETIC ADJUSTABLE WAISTBAND RORT2240L","1","0","1","EA","","HBROR449327","Required"
"M-69622","PENECTOMY  - FIGLER, B","Drug / Medication","OR injection builder (0 mL)","1","0","1","EA","","Pharmacy","PRN"
"M-69622","PENECTOMY  - FIGLER, B","Drug / Medication","bupivacaine 0.25%-EPINEPHrine 1:200,000 (MARCAINE-PF w/EPI) injection (30 mL)","1","0","1","EA","","Pharmacy","PRN"
"M-69622","PENECTOMY  - FIGLER, B","Drug / Medication","sterile water for irrigation (1,000 mL)","1","1","0","EA","","Pharmacy","Open"
"M-69622","PENECTOMY  - FIGLER, B","Capital Equipment","Console RFID","1","1","0","EA","","OR Room / Core","Required: Yes"
"M-69622","PENECTOMY  - FIGLER, B","Capital Equipment","ESU","1","1","0","EA","","OR Room / Core","Required: Yes"
"M-69622","PENECTOMY  - FIGLER, B","Capital Equipment","Sequential Compression Device","1","1","0","EA","","OR Room / Core","Required: Yes"
"M-69622","PENECTOMY  - FIGLER, B","Capital Equipment","Suction Neptune","1","1","0","EA","","OR Room / Core","Required: Yes"
"M-69622","PENECTOMY  - FIGLER, B","Capital Equipment","Warmer Forced Air","1","1","0","EA","","OR Room / Core","Required: Yes"
"M-69622","PENECTOMY  - FIGLER, B","Instrument / Tray","HBR GEN Horizon Clip Applier","1","1","0","TRAY","","Sterile Processing / Core","Required: Yes"
"M-69622","PENECTOMY  - FIGLER, B","Instrument / Tray","HBR URO Urology Minor","1","1","0","TRAY","","Sterile Processing / Core","Required: Yes"
"M-67389","PENILE PROSTHESIS IMPLANT - FIGLER, B","Supply / Disposable",", 10884524000077Pad Ground Electrode Adl 30lb D-319853-026613 R-01420E7507","1","1","0","EA","","HBROR - A3C1-41100642","Required"
"M-67389","PENILE PROSTHESIS IMPLANT - FIGLER, B","Supply / Disposable",", 10884524000053Pencil Cautery Electrosurg W/Holster 50/CaE2516H","1","1","0","EA","","HBROR - A3C1-6050934","Required"
"M-67389","PENILE PROSTHESIS IMPLANT - FIGLER, B","Supply / Disposable",", 10884521007994SYRINGE BULB IRRIGATION 1.5OZ D-100156,344730 N-3973067000","2","2","0","EA","","HBROR - A3C3-10000612","Required"
"M-67389","PENILE PROSTHESIS IMPLANT - FIGLER, B","Supply / Disposable",", 20884527005557BOWL SOLUTION 16OZ POLY DISP ST LF 75/","3","3","0","CA","","HBROR - A3C4-2001407","Required"
"M-67389","PENILE PROSTHESIS IMPLANT - FIGLER, B","Supply / Disposable","00","6","1","0","EA","","","Required"
"M-67389","PENILE PROSTHESIS IMPLANT - FIGLER, B","Supply / Disposable",", 07332551292706GLOVE SURG UNDER SZ 7.5 BLUE LF PF ST BIOGEL PI INDIC41675","1","1","0","EA","","HBROR - A4C2-12027325","Required"
"M-67389","PENILE PROSTHESIS IMPLANT - FIGLER, B","Supply / Disposable",", 10885380027406GLOVE SURG SZ 7.5 BLUE W/NEU-THERA LF PF ST PROTEXIS 2D73EB75","1","1","0","EA","","HBROR - A4C3-20051133","Required"
"M-67389","PENILE PROSTHESIS IMPLANT - FIGLER, B","Supply / Disposable",", 10885380031953GLOVE SURG SZ 7.5 SYNTHETIC CREAM LF PF ST PROTEXIS P2D72PT75X","1","1","0","EA","","HBROR - A4C3-5051092","Required"
"M-67389","PENILE PROSTHESIS IMPLANT - FIGLER, B","Supply / Disposable",", 10705031001879SUT ETHILON 3-0 PS-2 NDL 18IN 36PK/BX D-3190391669H","1","0","1","EA","","HBROR - A4C4-77000797","Required"
"M-67389","PENILE PROSTHESIS IMPLANT - FIGLER, B","Supply / Disposable",", 10705031038752SUT VICRYL 2-0 SH NDL 27IN 36/BX O-050708J317H","1","1","0","EA","","HBROR - A4C5-33000783","Required"
"M-67389","PENILE PROSTHESIS IMPLANT - FIGLER, B","Supply / Disposable",", 10705031039643Sut Vicryl 4-0 Sh Ndl 27in Undyed J415hJ415H","4","2","2","EA","","HBROR - A4C6-10004653","Required"
"M-67389","PENILE PROSTHESIS IMPLANT - FIGLER, B","Supply / Disposable",", 10884521104372Stapler Skin Appose 35 Wide 12/Bx 48/Ca D-027582-10108886803712","1","1","0","EA","","HBROR - A5C2-22051924","Required"
"M-67389","PENILE PROSTHESIS IMPLANT - FIGLER, B","Supply / Disposable",", 00382903028306Syringe 20ml Ll 48/Bx Ca/192 N-396178302830","1","0","1","EA","","HBROR - A5C3-1051860","Required"
"M-67389","PENILE PROSTHESIS IMPLANT - FIGLER, B","Supply / Disposable",", 00382903096534SYRINGE 50ML LL 40/BX 4BX/","3","3","0","CA","","HBROR - A5C3-3000610","Required"
"M-67389","PENILE PROSTHESIS IMPLANT - FIGLER, B","Supply / Disposable","653","3","0","9","EA","","","Required"
"M-67389","PENILE PROSTHESIS IMPLANT - FIGLER, B","Supply / Disposable",", 00848340000003Decanter Bag Ca/50 O-00174110-102","3","1","2","EA","","HBROR - A5C3-37052155","Required"
"M-67389","PENILE PROSTHESIS IMPLANT - FIGLER, B","Supply / Disposable",", 10705031203532Adhesive Skin Dermabond Advanc D 12/Bx O 128446 N-389DNX12","2","1","1","EA","","HBROR - A6C2-32051163","Required"
"M-67389","PENILE PROSTHESIS IMPLANT - FIGLER, B","Supply / Disposable","","5","1","4","EA","","HBROR129799Razor Prep Double Sided O-050509DYND70837EA110HBROR392556Dispenser Foam Pump 4oz Hibicl Ens57541","Required"
"M-67389","PENILE PROSTHESIS IMPLANT - FIGLER, B","Supply / Disposable","/Ca O-3949132082-1X","1","1","0","EA","","HBROR395182Alcohol Rubbing Isopropyl 4oz R-378288MDS098011EA101HBROR422010Bandage Self Lf 2inx60in Adher E 36","Required"
"M-67389","PENILE PROSTHESIS IMPLANT - FIGLER, B","Supply / Disposable",", 00707387444433DRAPE POUCH IOBAN 26658EANote: Uses a second for Salvage procedures101HBROR020841, 60888937012400System Skw Deep Scrotal Retrac Tion72403867EANote: Depends on implant using - only for AMS cases, open if AMS532HBROR025070, 10705031054370Sut Vicryl Plus 2-0 Violet Ur- 6 Ndl 27in Vcp602hVCP602H","1","1","0","EA","","HBROR448590PACK MINOR UROLOGYDYNJT7137EA211HBROR003415","Required"
"M-67389","PENILE PROSTHESIS IMPLANT - FIGLER, B","Supply / Disposable",", 10884521709874COVER WAND RF DETECTABLE ST01-0020","1","0","1","EA","","HBROR025178","Required"
"M-67389","PENILE PROSTHESIS IMPLANT - FIGLER, B","Supply / Disposable","/Pk127503","1","1","0","EA","","HBROR032402Towel Drape 5","Required"
"M-67389","PENILE PROSTHESIS IMPLANT - FIGLER, B","Supply / Disposable","/3 Towels127338A","1","1","0","EA","","HBROR032790Pack 4 Gown W","Required"
"M-67389","PENILE PROSTHESIS IMPLANT - FIGLER, B","Supply / Disposable",", 20080196692955Sponge Super Prep 6x6.75 O-002328NON25854","0","0","0","EA","","HBROR032867Glove Dpc Latex Free Biogel GLVDPC1EA000HBROR032869Glove Dpc Duraprene Plus PfGLVDPC3EA000HBROR032870Glove Dpc Pi ProtexisGLVDPC4EA000HBROR032871Glove Dpc Ortho ProtexisGLVDPC5EA000HBROR032872Glove Dpc Blue ProtexisGLVDPC6EA000HBROR032873Glove Dpc Micro ProtexisGLVDPC7EA220HBROR053921Chloraprep 26ml Orng St O-050864930815EA110HBROR054986","PRN / Inactive"
"M-67389","PENILE PROSTHESIS IMPLANT - FIGLER, B","Supply / Disposable",", 00842351190005System Wound Irrigation 450ml Debridement Irrisept ISEPT-450-USA","1","0","1","EA","","HBROR135718","Required"
"M-67389","PENILE PROSTHESIS IMPLANT - FIGLER, B","Supply / Disposable",", 10080196723140Drape Surg 121x102x78in Lap TDYNJP3003","1","1","0","EA","","HBROR218815","Required"
"M-67389","PENILE PROSTHESIS IMPLANT - FIGLER, B","Supply / Disposable",", 10080196751839Dressing 2x2 Island R-002417MSC3222","1","0","1","EA","","HBROR232221","Required"
"M-67389","PENILE PROSTHESIS IMPLANT - FIGLER, B","Supply / Disposable",", 10888277107465Tip Suction Yankau Std On OffOR164","1","1","0","EA","","HBROR266357","Required"
"M-67389","PENILE PROSTHESIS IMPLANT - FIGLER, B","Supply / Disposable",", 10080196692378Dressing Roll Sof-Form 2in 12/Bx R-002004NON25496","1","1","0","EA","","HBROR341740","Required"
"M-67389","PENILE PROSTHESIS IMPLANT - FIGLER, B","Supply / Disposable",", 10080196998593Tray Skin Prep O-000455DYND70661","1","1","0","EA","","HBROR347533","Required"
"M-67389","PENILE PROSTHESIS IMPLANT - FIGLER, B","Supply / Disposable",", Cover Table 44x90 R-002057DYNJP2311","1","1","0","EA","","HBROR362962","Required"
"M-67389","PENILE PROSTHESIS IMPLANT - FIGLER, B","Supply / Disposable","5500101HBROR386430, 00801741074141TRAY CATH FOLEY 16FR 5CC BALLOON DRAIN BAG PVC SURESTA947316","1","0","0","EA","8019674","","Required"
"M-67389","PENILE PROSTHESIS IMPLANT - FIGLER, B","Supply / Disposable",", 10080196291588Lube Jelly 2oz St Flip Top Tub E O-051123 R-395032 MDS032285","1","1","0","EA","","HBROR395053","Required"
"M-67389","PENILE PROSTHESIS IMPLANT - FIGLER, B","Supply / Disposable",", 10080196845095DRESSING GAUZE ROLL 3.4INX3.6YD 6 PLY COTTON LF ST BUNON25861","1","1","0","EA","","HBROR422025","Required"
"M-67389","PENILE PROSTHESIS IMPLANT - FIGLER, B","Drug / Medication","OR injection builder (0 mL)","1","0","1","EA","","Pharmacy","PRN"
"M-67389","PENILE PROSTHESIS IMPLANT - FIGLER, B","Drug / Medication","bupivacaine 0.25%-EPINEPHrine 1:200,000 (MARCAINE-PF w/EPI) injection (30 mL)","1","0","1","EA","","Pharmacy","PRN"
"M-67389","PENILE PROSTHESIS IMPLANT - FIGLER, B","Drug / Medication","gentamicin injection (40 mg/mL)","8","8","0","EA","","Pharmacy","Open"
"M-67389","PENILE PROSTHESIS IMPLANT - FIGLER, B","Drug / Medication","mg10lidocaine (XYLOCAINE) 1 % injection (20 mL)","1","1","0","EA","","Pharmacy","Open"
"M-67389","PENILE PROSTHESIS IMPLANT - FIGLER, B","Drug / Medication","sodium chloride 0.9 % bacteriostatic injection (350 mL)","1","1","0","EA","","Pharmacy","Open"
"M-67389","PENILE PROSTHESIS IMPLANT - FIGLER, B","Drug / Medication","sodium chloride 0.9% (NS) irrigation (1,000 mL)","1","1","0","EA","","Pharmacy","Open"
"M-67389","PENILE PROSTHESIS IMPLANT - FIGLER, B","Drug / Medication","sterile water for irrigation (1,000 mL)","1","1","0","EA","","Pharmacy","Open"
"M-67389","PENILE PROSTHESIS IMPLANT - FIGLER, B","Capital Equipment","Console RFID","1","1","0","EA","","OR Room / Core","Required: Yes"
"M-67389","PENILE PROSTHESIS IMPLANT - FIGLER, B","Capital Equipment","ESU","1","1","0","EA","","OR Room / Core","Required: Yes"
"M-67389","PENILE PROSTHESIS IMPLANT - FIGLER, B","Capital Equipment","Sequential Compression Device","1","1","0","EA","","OR Room / Core","Required: Yes"
"M-67389","PENILE PROSTHESIS IMPLANT - FIGLER, B","Capital Equipment","Suction Neptune","1","1","0","EA","","OR Room / Core","Required: Yes"
"M-67389","PENILE PROSTHESIS IMPLANT - FIGLER, B","Capital Equipment","Warmer Forced Air","1","1","0","EA","","OR Room / Core","Required: Yes"
"M-67389","PENILE PROSTHESIS IMPLANT - FIGLER, B","Instrument / Tray","HBR URO Penile Extras","1","1","0","TRAY","","Sterile Processing / Core","Required: Yes"
"M-67389","PENILE PROSTHESIS IMPLANT - FIGLER, B","Instrument / Tray","ensure this tray is on the CLEAN table (separate)HBR URO Urology Minor","1","1","0","TRAY","","Sterile Processing / Core","Required: Yes"
"M-84075","PENILE PROSTHESIS REMOVAL - FIGLER, B","Supply / Disposable",", 10884524000077Pad Ground Electrode Adl 30lb D-319853-026613 R-01420E7507","1","1","0","EA","","HBROR - A3C1-41100642","Required"
"M-84075","PENILE PROSTHESIS REMOVAL - FIGLER, B","Supply / Disposable",", 10884524000053Pencil Cautery Electrosurg W/Holster 50/CaE2516H","1","1","0","EA","","HBROR - A3C1-6050934","Required"
"M-84075","PENILE PROSTHESIS REMOVAL - FIGLER, B","Supply / Disposable",", 10884521007994SYRINGE BULB IRRIGATION 1.5OZ D-100156,344730 N-3973067000","2","2","0","EA","","HBROR - A3C3-10000612","Required"
"M-84075","PENILE PROSTHESIS REMOVAL - FIGLER, B","Supply / Disposable",", 20884527005557BOWL SOLUTION 16OZ POLY DISP ST LF 75/","3","3","0","CA","","HBROR - A3C4-2001407","Required"
"M-84075","PENILE PROSTHESIS REMOVAL - FIGLER, B","Supply / Disposable","00","6","1","0","EA","","","Required"
"M-84075","PENILE PROSTHESIS REMOVAL - FIGLER, B","Supply / Disposable",", 07332551292706GLOVE SURG UNDER SZ 7.5 BLUE LF PF ST BIOGEL PI INDIC41675","1","1","0","EA","","HBROR - A4C2-12027325","Required"
"M-84075","PENILE PROSTHESIS REMOVAL - FIGLER, B","Supply / Disposable",", 10885380027406GLOVE SURG SZ 7.5 BLUE W/NEU-THERA LF PF ST PROTEXIS 2D73EB75","1","1","0","EA","","HBROR - A4C3-20051133","Required"
"M-84075","PENILE PROSTHESIS REMOVAL - FIGLER, B","Supply / Disposable",", 10885380031953GLOVE SURG SZ 7.5 SYNTHETIC CREAM LF PF ST PROTEXIS P2D72PT75X","1","1","0","EA","","HBROR - A4C3-5051092","Required"
"M-84075","PENILE PROSTHESIS REMOVAL - FIGLER, B","Supply / Disposable",", 10705031001879SUT ETHILON 3-0 PS-2 NDL 18IN 36PK/BX D-3190391669H","1","0","1","EA","","HBROR - A4C4-77000797","Required"
"M-84075","PENILE PROSTHESIS REMOVAL - FIGLER, B","Supply / Disposable",", 10705031060494Sut Pds Ii 2-0 Sh Ndl27in Z317 H 36pk/BxZ317H","1","1","0","EA","","HBROR - A4C5-4017486","Required"
"M-84075","PENILE PROSTHESIS REMOVAL - FIGLER, B","Supply / Disposable",", 10705031039643Sut Vicryl 4-0 Sh Ndl 27in Undyed J415hJ415H","4","2","2","EA","","HBROR - A4C6-10004653","Required"
"M-84075","PENILE PROSTHESIS REMOVAL - FIGLER, B","Supply / Disposable",", 10705031059375SUT MONOCRYL 4-0 PS2 18IN SUT UNDYED MONOFIL ABSORB 1Y496G","2","1","1","EA","","HBROR - A4C6-34000810","Required"
"M-84075","PENILE PROSTHESIS REMOVAL - FIGLER, B","Supply / Disposable",", 10884521104372Stapler Skin Appose 35 Wide 12/Bx 48/Ca D-027582-10108886803712","1","1","0","EA","","HBROR - A5C2-22051924","Required"
"M-84075","PENILE PROSTHESIS REMOVAL - FIGLER, B","Supply / Disposable",", 00382903028306Syringe 20ml Ll 48/Bx Ca/192 N-396178302830","1","0","1","EA","","HBROR - A5C3-1051860","Required"
"M-84075","PENILE PROSTHESIS REMOVAL - FIGLER, B","Supply / Disposable",", 00382903096534SYRINGE 50ML LL 40/BX 4BX/","3","3","0","CA","","HBROR - A5C3-3000610","Required"
"M-84075","PENILE PROSTHESIS REMOVAL - FIGLER, B","Supply / Disposable","653","3","0","9","EA","","","Required"
"M-84075","PENILE PROSTHESIS REMOVAL - FIGLER, B","Supply / Disposable",", 00848340000003Decanter Bag Ca/50 O-00174110-102","3","1","2","EA","","HBROR - A5C3-37052155","Required"
"M-84075","PENILE PROSTHESIS REMOVAL - FIGLER, B","Supply / Disposable",", 10705031203532Adhesive Skin Dermabond Advanc D 12/Bx O 128446 N-389DNX12","2","1","1","EA","","HBROR - A6C2-32051163","Required"
"M-84075","PENILE PROSTHESIS REMOVAL - FIGLER, B","Supply / Disposable",", 00707387444433DRAPE POUCH IOBAN 26658EANote: Uses a second for Salvage procedures101HBROR020841, 60888937012400System Skw Deep Scrotal Retrac Tion72403867EANote: Depends on implant using - only for AMS cases, open if AMS532HBROR025070, 10705031054370Sut Vicryl Plus 2-0 Violet Ur- 6 Ndl 27in Vcp602hVCP602H","5","1","4","EA","","HBROR129799Razor Prep Double Sided O-050509DYND70837EA110HBROR392556Dispenser Foam Pump 4oz Hibicl Ens57541EA110HBROR395182Alcohol Rubbing Isopropyl 4oz R-378288MDS098011EA110HBROR448590PACK MINOR UROLOGYDYNJT7137EA211HBROR003415","Required"
"M-84075","PENILE PROSTHESIS REMOVAL - FIGLER, B","Supply / Disposable",", 10884521709874COVER WAND RF DETECTABLE ST01-0020","1","0","1","EA","","HBROR025178","Required"
"M-84075","PENILE PROSTHESIS REMOVAL - FIGLER, B","Supply / Disposable","/Pk127503","1","1","0","EA","","HBROR032402Towel Drape 5","Required"
"M-84075","PENILE PROSTHESIS REMOVAL - FIGLER, B","Supply / Disposable","/3 Towels127338A","1","1","0","EA","","HBROR032790Pack 4 Gown W","Required"
"M-84075","PENILE PROSTHESIS REMOVAL - FIGLER, B","Supply / Disposable",", 20080196692955Sponge Super Prep 6x6.75 O-002328NON25854","0","0","0","EA","","HBROR032867Glove Dpc Latex Free Biogel GLVDPC1EA000HBROR032869Glove Dpc Duraprene Plus PfGLVDPC3EA000HBROR032870Glove Dpc Pi ProtexisGLVDPC4EA000HBROR032871Glove Dpc Ortho ProtexisGLVDPC5EA000HBROR032872Glove Dpc Blue ProtexisGLVDPC6EA000HBROR032873Glove Dpc Micro ProtexisGLVDPC7EA220HBROR053921Chloraprep 26ml Orng St O-050864930815EA110HBROR054986","PRN / Inactive"
"M-84075","PENILE PROSTHESIS REMOVAL - FIGLER, B","Supply / Disposable",", 10080196723140Drape Surg 121x102x78in Lap TDYNJP3003","1","1","0","EA","","HBROR218815","Required"
"M-84075","PENILE PROSTHESIS REMOVAL - FIGLER, B","Supply / Disposable",", 10080196751839Dressing 2x2 Island R-002417MSC3222","1","0","1","EA","","HBROR232221","Required"
"M-84075","PENILE PROSTHESIS REMOVAL - FIGLER, B","Supply / Disposable",", 10888277107465Tip Suction Yankau Std On OffOR164","1","1","0","EA","","HBROR266357","Required"
"M-84075","PENILE PROSTHESIS REMOVAL - FIGLER, B","Supply / Disposable",", 10080196692378Dressing Roll Sof-Form 2in 12/Bx R-002004NON25496","1","1","0","EA","","HBROR341740","Required"
"M-84075","PENILE PROSTHESIS REMOVAL - FIGLER, B","Supply / Disposable",", 10080196998593Tray Skin Prep O-000455DYND70661","1","1","0","EA","","HBROR347533","Required"
"M-84075","PENILE PROSTHESIS REMOVAL - FIGLER, B","Supply / Disposable",", 10080196745500Cover Table 44x90 R-002057DYNJP2311","1","1","0","EA","","HBROR362962","Required"
"M-84075","PENILE PROSTHESIS REMOVAL - FIGLER, B","Supply / Disposable",", 00801741074141TRAY CATH FOLEY 16FR 5CC BALLOON DRAIN BAG PVC SURESTA947316","1","0","1","EA","","HBROR386430","Required"
"M-84075","PENILE PROSTHESIS REMOVAL - FIGLER, B","Supply / Disposable",", 10080196291588Lube Jelly 2oz St Flip Top Tub E O-051123 R-395032 MDS032285","1","1","0","EA","","HBROR395053","Required"
"M-84075","PENILE PROSTHESIS REMOVAL - FIGLER, B","Supply / Disposable",", 10080196845095DRESSING GAUZE ROLL 3.4INX3.6YD 6 PLY COTTON LF ST BUNON25861","1","1","0","EA","","HBROR422025","Required"
"M-84075","PENILE PROSTHESIS REMOVAL - FIGLER, B","Drug / Medication","OR injection builder (0 mL)","1","0","1","EA","","Pharmacy","PRN"
"M-84075","PENILE PROSTHESIS REMOVAL - FIGLER, B","Drug / Medication","bupivacaine 0.25%-EPINEPHrine 1:200,000 (MARCAINE-PF w/EPI) injection (30 mL)","1","0","1","EA","","Pharmacy","PRN"
"M-84075","PENILE PROSTHESIS REMOVAL - FIGLER, B","Drug / Medication","gentamicin injection (40 mg/mL)","8","8","0","EA","","Pharmacy","Open"
"M-84075","PENILE PROSTHESIS REMOVAL - FIGLER, B","Drug / Medication","mg10lidocaine (XYLOCAINE) 1 % injection (20 mL)","1","1","0","EA","","Pharmacy","Open"
"M-84075","PENILE PROSTHESIS REMOVAL - FIGLER, B","Drug / Medication","sodium chloride 0.9 % bacteriostatic injection (350 mL)","1","1","0","EA","","Pharmacy","Open"
"M-84075","PENILE PROSTHESIS REMOVAL - FIGLER, B","Drug / Medication","sodium chloride 0.9% (NS) irrigation (1,000 mL)","1","1","0","EA","","Pharmacy","Open"
"M-84075","PENILE PROSTHESIS REMOVAL - FIGLER, B","Drug / Medication","sterile water for irrigation (1,000 mL)","1","1","0","EA","","Pharmacy","Open"
"M-84075","PENILE PROSTHESIS REMOVAL - FIGLER, B","Capital Equipment","Console RFID","1","1","0","EA","","OR Room / Core","Required: Yes"
"M-84075","PENILE PROSTHESIS REMOVAL - FIGLER, B","Capital Equipment","ESU","1","1","0","EA","","OR Room / Core","Required: Yes"
"M-84075","PENILE PROSTHESIS REMOVAL - FIGLER, B","Capital Equipment","Sequential Compression Device","1","1","0","EA","","OR Room / Core","Required: Yes"
"M-84075","PENILE PROSTHESIS REMOVAL - FIGLER, B","Capital Equipment","Suction Neptune","1","1","0","EA","","OR Room / Core","Required: Yes"
"M-84075","PENILE PROSTHESIS REMOVAL - FIGLER, B","Capital Equipment","Warmer Forced Air","1","1","0","EA","","OR Room / Core","Required: Yes"
"M-84075","PENILE PROSTHESIS REMOVAL - FIGLER, B","Instrument / Tray","HBR URO Penile Extras","1","1","0","TRAY","","Sterile Processing / Core","Required: Yes"
"M-84075","PENILE PROSTHESIS REMOVAL - FIGLER, B","Instrument / Tray","ensure this tray is on the CLEAN table (separate)HBR URO Urology Minor","1","1","0","TRAY","","Sterile Processing / Core","Required: Yes"
"M-84076","PENILE PROSTHESIS REMOVE/REPLACE - FIGLER, B","Supply / Disposable",", 10884524000077Pad Ground Electrode Adl 30lb D-319853-026613 R-01420E7507","1","1","0","EA","","HBROR - A3C1-41100642","Required"
"M-84076","PENILE PROSTHESIS REMOVE/REPLACE - FIGLER, B","Supply / Disposable",", 10884524000053Pencil Cautery Electrosurg W/Holster 50/CaE2516H","1","1","0","EA","","HBROR - A3C1-6050934","Required"
"M-84076","PENILE PROSTHESIS REMOVE/REPLACE - FIGLER, B","Supply / Disposable",", 10884521007994SYRINGE BULB IRRIGATION 1.5OZ D-100156,344730 N-3973067000","2","2","0","EA","","HBROR - A3C3-10000612","Required"
"M-84076","PENILE PROSTHESIS REMOVE/REPLACE - FIGLER, B","Supply / Disposable",", 20884527005557BOWL SOLUTION 16OZ POLY DISP ST LF 75/","3","3","0","CA","","HBROR - A3C4-2001407","Required"
"M-84076","PENILE PROSTHESIS REMOVE/REPLACE - FIGLER, B","Supply / Disposable","00","6","1","0","EA","","","Required"
"M-84076","PENILE PROSTHESIS REMOVE/REPLACE - FIGLER, B","Supply / Disposable",", 07332551292706GLOVE SURG UNDER SZ 7.5 BLUE LF PF ST BIOGEL PI INDIC41675","1","1","0","EA","","HBROR - A4C2-12027325","Required"
"M-84076","PENILE PROSTHESIS REMOVE/REPLACE - FIGLER, B","Supply / Disposable",", 10885380027406GLOVE SURG SZ 7.5 BLUE W/NEU-THERA LF PF ST PROTEXIS 2D73EB75","1","1","0","EA","","HBROR - A4C3-20051133","Required"
"M-84076","PENILE PROSTHESIS REMOVE/REPLACE - FIGLER, B","Supply / Disposable",", 10885380031953GLOVE SURG SZ 7.5 SYNTHETIC CREAM LF PF ST PROTEXIS P2D72PT75X","1","1","0","EA","","HBROR - A4C3-5051092","Required"
"M-84076","PENILE PROSTHESIS REMOVE/REPLACE - FIGLER, B","Supply / Disposable",", 10705031001879SUT ETHILON 3-0 PS-2 NDL 18IN 36PK/BX D-3190391669H","1","0","1","EA","","HBROR - A4C4-77000797","Required"
"M-84076","PENILE PROSTHESIS REMOVE/REPLACE - FIGLER, B","Supply / Disposable",", 10705031060494Sut Pds Ii 2-0 Sh Ndl27in Z317 H 36pk/BxZ317H","1","1","0","EA","","HBROR - A4C5-4017486","Required"
"M-84076","PENILE PROSTHESIS REMOVE/REPLACE - FIGLER, B","Supply / Disposable",", 10705031039643Sut Vicryl 4-0 Sh Ndl 27in Undyed J415hJ415H","4","2","2","EA","","HBROR - A4C6-10004653","Required"
"M-84076","PENILE PROSTHESIS REMOVE/REPLACE - FIGLER, B","Supply / Disposable",", 10705031059375SUT MONOCRYL 4-0 PS2 18IN SUT UNDYED MONOFIL ABSORB 1Y496G","2","1","1","EA","","HBROR - A4C6-34000810","Required"
"M-84076","PENILE PROSTHESIS REMOVE/REPLACE - FIGLER, B","Supply / Disposable",", 10884521104372Stapler Skin Appose 35 Wide 12/Bx 48/Ca D-027582-10108886803712","1","1","0","EA","","HBROR - A5C2-22051924","Required"
"M-84076","PENILE PROSTHESIS REMOVE/REPLACE - FIGLER, B","Supply / Disposable",", 00382903028306Syringe 20ml Ll 48/Bx Ca/192 N-396178302830","1","0","1","EA","","HBROR - A5C3-1051860","Required"
"M-84076","PENILE PROSTHESIS REMOVE/REPLACE - FIGLER, B","Supply / Disposable",", 00382903096534SYRINGE 50ML LL 40/BX 4BX/","3","3","0","CA","","HBROR - A5C3-3000610","Required"
"M-84076","PENILE PROSTHESIS REMOVE/REPLACE - FIGLER, B","Supply / Disposable","653","3","0","9","EA","","","Required"
"M-84076","PENILE PROSTHESIS REMOVE/REPLACE - FIGLER, B","Supply / Disposable",", 00848340000003Decanter Bag Ca/50 O-00174110-102","3","1","2","EA","","HBROR - A5C3-37052155","Required"
"M-84076","PENILE PROSTHESIS REMOVE/REPLACE - FIGLER, B","Supply / Disposable",", 10705031203532Adhesive Skin Dermabond Advanc D 12/Bx O 128446 N-389DNX12","2","1","1","EA","","HBROR - A6C2-32051163","Required"
"M-84076","PENILE PROSTHESIS REMOVE/REPLACE - FIGLER, B","Supply / Disposable",", 00707387444433DRAPE POUCH IOBAN 26658EANote: Uses a second for Salvage procedures101HBROR020841, 60888937012400System Skw Deep Scrotal Retrac Tion72403867EANote: Depends on implant using - only for AMS cases, open if AMS532HBROR025070, 10705031054370Sut Vicryl Plus 2-0 Violet Ur- 6 Ndl 27in Vcp602hVCP602H","5","1","4","EA","","HBROR129799Razor Prep Double Sided O-050509DYND70837EA110HBROR392556Dispenser Foam Pump 4oz Hibicl Ens57541EA110HBROR395182Alcohol Rubbing Isopropyl 4oz R-378288MDS098011EA110HBROR448590PACK MINOR UROLOGYDYNJT7137EA211HBROR003415","Required"
"M-84076","PENILE PROSTHESIS REMOVE/REPLACE - FIGLER, B","Supply / Disposable",", 10884521709874COVER WAND RF DETECTABLE ST01-0020","1","0","1","EA","","HBROR025178","Required"
"M-84076","PENILE PROSTHESIS REMOVE/REPLACE - FIGLER, B","Supply / Disposable","/Pk127503","1","1","0","EA","","HBROR032402Towel Drape 5","Required"
"M-84076","PENILE PROSTHESIS REMOVE/REPLACE - FIGLER, B","Supply / Disposable","/3 Towels127338A","1","1","0","EA","","HBROR032790Pack 4 Gown W","Required"
"M-84076","PENILE PROSTHESIS REMOVE/REPLACE - FIGLER, B","Supply / Disposable",", 20080196692955Sponge Super Prep 6x6.75 O-002328NON25854","0","0","0","EA","","HBROR032867Glove Dpc Latex Free Biogel GLVDPC1EA000HBROR032869Glove Dpc Duraprene Plus PfGLVDPC3EA000HBROR032870Glove Dpc Pi ProtexisGLVDPC4EA000HBROR032871Glove Dpc Ortho ProtexisGLVDPC5EA000HBROR032872Glove Dpc Blue ProtexisGLVDPC6EA000HBROR032873Glove Dpc Micro ProtexisGLVDPC7EA220HBROR053921Chloraprep 26ml Orng St O-050864930815EA110HBROR054986","PRN / Inactive"
"M-84076","PENILE PROSTHESIS REMOVE/REPLACE - FIGLER, B","Supply / Disposable",", 10080196723140Drape Surg 121x102x78in Lap TDYNJP3003","1","1","0","EA","","HBROR218815","Required"
"M-84076","PENILE PROSTHESIS REMOVE/REPLACE - FIGLER, B","Supply / Disposable",", 10080196751839Dressing 2x2 Island R-002417MSC3222","1","0","1","EA","","HBROR232221","Required"
"M-84076","PENILE PROSTHESIS REMOVE/REPLACE - FIGLER, B","Supply / Disposable",", 10888277107465Tip Suction Yankau Std On OffOR164","1","1","0","EA","","HBROR266357","Required"
"M-84076","PENILE PROSTHESIS REMOVE/REPLACE - FIGLER, B","Supply / Disposable",", 10080196692378Dressing Roll Sof-Form 2in 12/Bx R-002004NON25496","1","1","0","EA","","HBROR341740","Required"
"M-84076","PENILE PROSTHESIS REMOVE/REPLACE - FIGLER, B","Supply / Disposable",", 10080196998593Tray Skin Prep O-000455DYND70661","1","1","0","EA","","HBROR347533","Required"
"M-84076","PENILE PROSTHESIS REMOVE/REPLACE - FIGLER, B","Supply / Disposable",", 10080196745500Cover Table 44x90 R-002057DYNJP2311","1","1","0","EA","","HBROR362962","Required"
"M-84076","PENILE PROSTHESIS REMOVE/REPLACE - FIGLER, B","Supply / Disposable",", 00801741074141TRAY CATH FOLEY 16FR 5CC BALLOON DRAIN BAG PVC SURESTA947316","1","0","1","EA","","HBROR386430","Required"
"M-84076","PENILE PROSTHESIS REMOVE/REPLACE - FIGLER, B","Supply / Disposable",", 10080196291588Lube Jelly 2oz St Flip Top Tub E O-051123 R-395032 MDS032285","1","1","0","EA","","HBROR395053","Required"
"M-84076","PENILE PROSTHESIS REMOVE/REPLACE - FIGLER, B","Supply / Disposable",", 10080196845095DRESSING GAUZE ROLL 3.4INX3.6YD 6 PLY COTTON LF ST BUNON25861","1","1","0","EA","","HBROR422025","Required"
"M-84076","PENILE PROSTHESIS REMOVE/REPLACE - FIGLER, B","Drug / Medication","OR injection builder (0 mL)","1","0","1","EA","","Pharmacy","PRN"
"M-84076","PENILE PROSTHESIS REMOVE/REPLACE - FIGLER, B","Drug / Medication","bupivacaine 0.25%-EPINEPHrine 1:200,000 (MARCAINE-PF w/EPI) injection (30 mL)","1","0","1","EA","","Pharmacy","PRN"
"M-84076","PENILE PROSTHESIS REMOVE/REPLACE - FIGLER, B","Drug / Medication","gentamicin injection (40 mg/mL)","8","8","0","EA","","Pharmacy","Open"
"M-84076","PENILE PROSTHESIS REMOVE/REPLACE - FIGLER, B","Drug / Medication","mg10lidocaine (XYLOCAINE) 1 % injection (20 mL)","1","1","0","EA","","Pharmacy","Open"
"M-84076","PENILE PROSTHESIS REMOVE/REPLACE - FIGLER, B","Drug / Medication","sodium chloride 0.9 % bacteriostatic injection (350 mL)","1","1","0","EA","","Pharmacy","Open"
"M-84076","PENILE PROSTHESIS REMOVE/REPLACE - FIGLER, B","Drug / Medication","sodium chloride 0.9% (NS) irrigation (1,000 mL)","1","1","0","EA","","Pharmacy","Open"
"M-84076","PENILE PROSTHESIS REMOVE/REPLACE - FIGLER, B","Drug / Medication","sterile water for irrigation (1,000 mL)","1","1","0","EA","","Pharmacy","Open"
"M-84076","PENILE PROSTHESIS REMOVE/REPLACE - FIGLER, B","Capital Equipment","Console RFID","1","1","0","EA","","OR Room / Core","Required: Yes"
"M-84076","PENILE PROSTHESIS REMOVE/REPLACE - FIGLER, B","Capital Equipment","ESU","1","1","0","EA","","OR Room / Core","Required: Yes"
"M-84076","PENILE PROSTHESIS REMOVE/REPLACE - FIGLER, B","Capital Equipment","Sequential Compression Device","1","1","0","EA","","OR Room / Core","Required: Yes"
"M-84076","PENILE PROSTHESIS REMOVE/REPLACE - FIGLER, B","Capital Equipment","Suction Neptune","1","1","0","EA","","OR Room / Core","Required: Yes"
"M-84076","PENILE PROSTHESIS REMOVE/REPLACE - FIGLER, B","Capital Equipment","Warmer Forced Air","1","1","0","EA","","OR Room / Core","Required: Yes"
"M-84076","PENILE PROSTHESIS REMOVE/REPLACE - FIGLER, B","Instrument / Tray","HBR URO Penile Extras","1","1","0","TRAY","","Sterile Processing / Core","Required: Yes"
"M-84076","PENILE PROSTHESIS REMOVE/REPLACE - FIGLER, B","Instrument / Tray","ensure this tray is on the CLEAN table (separate)HBR URO Urology Minor","1","1","0","TRAY","","Sterile Processing / Core","Required: Yes"
"M-84077","PENILE PROSTHESIS REPAIR - FIGLER, B","Supply / Disposable",", 10884524000077Pad Ground Electrode Adl 30lb D-319853-026613 R-01420E7507","1","1","0","EA","","HBROR - A3C1-41100642","Required"
"M-84077","PENILE PROSTHESIS REPAIR - FIGLER, B","Supply / Disposable",", 10884524000053Pencil Cautery Electrosurg W/Holster 50/CaE2516H","1","1","0","EA","","HBROR - A3C1-6050934","Required"
"M-84077","PENILE PROSTHESIS REPAIR - FIGLER, B","Supply / Disposable",", 10884521007994SYRINGE BULB IRRIGATION 1.5OZ D-100156,344730 N-3973067000","2","2","0","EA","","HBROR - A3C3-10000612","Required"
"M-84077","PENILE PROSTHESIS REPAIR - FIGLER, B","Supply / Disposable",", 20884527005557BOWL SOLUTION 16OZ POLY DISP ST LF 75/","3","3","0","CA","","HBROR - A3C4-2001407","Required"
"M-84077","PENILE PROSTHESIS REPAIR - FIGLER, B","Supply / Disposable","00","6","1","0","EA","","","Required"
"M-84077","PENILE PROSTHESIS REPAIR - FIGLER, B","Supply / Disposable",", 07332551292706GLOVE SURG UNDER SZ 7.5 BLUE LF PF ST BIOGEL PI INDIC41675","1","1","0","EA","","HBROR - A4C2-12027325","Required"
"M-84077","PENILE PROSTHESIS REPAIR - FIGLER, B","Supply / Disposable",", 10885380027406GLOVE SURG SZ 7.5 BLUE W/NEU-THERA LF PF ST PROTEXIS 2D73EB75","1","1","0","EA","","HBROR - A4C3-20051133","Required"
"M-84077","PENILE PROSTHESIS REPAIR - FIGLER, B","Supply / Disposable",", 10885380031953GLOVE SURG SZ 7.5 SYNTHETIC CREAM LF PF ST PROTEXIS P2D72PT75X","1","1","0","EA","","HBROR - A4C3-5051092","Required"
"M-84077","PENILE PROSTHESIS REPAIR - FIGLER, B","Supply / Disposable",", 10705031001879SUT ETHILON 3-0 PS-2 NDL 18IN 36PK/BX D-3190391669H","1","0","1","EA","","HBROR - A4C4-77000797","Required"
"M-84077","PENILE PROSTHESIS REPAIR - FIGLER, B","Supply / Disposable",", 10705031060494Sut Pds Ii 2-0 Sh Ndl27in Z317 H 36pk/BxZ317H","1","1","0","EA","","HBROR - A4C5-4017486","Required"
"M-84077","PENILE PROSTHESIS REPAIR - FIGLER, B","Supply / Disposable",", 10705031039643Sut Vicryl 4-0 Sh Ndl 27in Undyed J415hJ415H","4","2","2","EA","","HBROR - A4C6-10004653","Required"
"M-84077","PENILE PROSTHESIS REPAIR - FIGLER, B","Supply / Disposable",", 10705031059375SUT MONOCRYL 4-0 PS2 18IN SUT UNDYED MONOFIL ABSORB 1Y496G","2","1","1","EA","","HBROR - A4C6-34000810","Required"
"M-84077","PENILE PROSTHESIS REPAIR - FIGLER, B","Supply / Disposable",", 10884521104372Stapler Skin Appose 35 Wide 12/Bx 48/Ca D-027582-10108886803712","1","1","0","EA","","HBROR - A5C2-22051924","Required"
"M-84077","PENILE PROSTHESIS REPAIR - FIGLER, B","Supply / Disposable",", 00382903028306Syringe 20ml Ll 48/Bx Ca/192 N-396178302830","1","0","1","EA","","HBROR - A5C3-1051860","Required"
"M-84077","PENILE PROSTHESIS REPAIR - FIGLER, B","Supply / Disposable",", 00382903096534SYRINGE 50ML LL 40/BX 4BX/","3","3","0","CA","","HBROR - A5C3-3000610","Required"
"M-84077","PENILE PROSTHESIS REPAIR - FIGLER, B","Supply / Disposable","653","3","0","9","EA","","","Required"
"M-84077","PENILE PROSTHESIS REPAIR - FIGLER, B","Supply / Disposable",", 00848340000003Decanter Bag Ca/50 O-00174110-102","3","1","2","EA","","HBROR - A5C3-37052155","Required"
"M-84077","PENILE PROSTHESIS REPAIR - FIGLER, B","Supply / Disposable",", 10705031203532Adhesive Skin Dermabond Advanc D 12/Bx O 128446 N-389DNX12","2","1","1","EA","","HBROR - A6C2-32051163","Required"
"M-84077","PENILE PROSTHESIS REPAIR - FIGLER, B","Supply / Disposable",", 00707387444433DRAPE POUCH IOBAN 26658EANote: Uses a second for Salvage procedures101HBROR020841, 60888937012400System Skw Deep Scrotal Retrac Tion72403867EANote: Depends on implant using - only for AMS cases, open if AMS532HBROR025070, 10705031054370Sut Vicryl Plus 2-0 Violet Ur- 6 Ndl 27in Vcp602hVCP602H","5","1","4","EA","","HBROR129799Razor Prep Double Sided O-050509DYND70837EA110HBROR392556Dispenser Foam Pump 4oz Hibicl Ens57541EA110HBROR395182Alcohol Rubbing Isopropyl 4oz R-378288MDS098011EA110HBROR448590PACK MINOR UROLOGYDYNJT7137EA211HBROR003415","Required"
"M-84077","PENILE PROSTHESIS REPAIR - FIGLER, B","Supply / Disposable",", 10884521709874COVER WAND RF DETECTABLE ST01-0020","1","0","1","EA","","HBROR025178","Required"
"M-84077","PENILE PROSTHESIS REPAIR - FIGLER, B","Supply / Disposable","/Pk127503","1","1","0","EA","","HBROR032402Towel Drape 5","Required"
"M-84077","PENILE PROSTHESIS REPAIR - FIGLER, B","Supply / Disposable","/3 Towels127338A","1","1","0","EA","","HBROR032790Pack 4 Gown W","Required"
"M-84077","PENILE PROSTHESIS REPAIR - FIGLER, B","Supply / Disposable",", 20080196692955Sponge Super Prep 6x6.75 O-002328NON25854","0","0","0","EA","","HBROR032867Glove Dpc Latex Free Biogel GLVDPC1EA000HBROR032869Glove Dpc Duraprene Plus PfGLVDPC3EA000HBROR032870Glove Dpc Pi ProtexisGLVDPC4EA000HBROR032871Glove Dpc Ortho ProtexisGLVDPC5EA000HBROR032872Glove Dpc Blue ProtexisGLVDPC6EA000HBROR032873Glove Dpc Micro ProtexisGLVDPC7EA220HBROR053921Chloraprep 26ml Orng St O-050864930815EA110HBROR054986","PRN / Inactive"
"M-84077","PENILE PROSTHESIS REPAIR - FIGLER, B","Supply / Disposable",", 10080196723140Drape Surg 121x102x78in Lap TDYNJP3003","1","1","0","EA","","HBROR218815","Required"
"M-84077","PENILE PROSTHESIS REPAIR - FIGLER, B","Supply / Disposable",", 10080196751839Dressing 2x2 Island R-002417MSC3222","1","0","1","EA","","HBROR232221","Required"
"M-84077","PENILE PROSTHESIS REPAIR - FIGLER, B","Supply / Disposable",", 10888277107465Tip Suction Yankau Std On OffOR164","1","1","0","EA","","HBROR266357","Required"
"M-84077","PENILE PROSTHESIS REPAIR - FIGLER, B","Supply / Disposable",", 10080196692378Dressing Roll Sof-Form 2in 12/Bx R-002004NON25496","1","1","0","EA","","HBROR341740","Required"
"M-84077","PENILE PROSTHESIS REPAIR - FIGLER, B","Supply / Disposable",", 10080196998593Tray Skin Prep O-000455DYND70661","1","1","0","EA","","HBROR347533","Required"
"M-84077","PENILE PROSTHESIS REPAIR - FIGLER, B","Supply / Disposable",", 10080196745500Cover Table 44x90 R-002057DYNJP2311","1","1","0","EA","","HBROR362962","Required"
"M-84077","PENILE PROSTHESIS REPAIR - FIGLER, B","Supply / Disposable",", 00801741074141TRAY CATH FOLEY 16FR 5CC BALLOON DRAIN BAG PVC SURESTA947316","1","0","1","EA","","HBROR386430","Required"
"M-84077","PENILE PROSTHESIS REPAIR - FIGLER, B","Supply / Disposable",", 10080196291588Lube Jelly 2oz St Flip Top Tub E O-051123 R-395032 MDS032285","1","1","0","EA","","HBROR395053","Required"
"M-84077","PENILE PROSTHESIS REPAIR - FIGLER, B","Supply / Disposable",", 10080196845095DRESSING GAUZE ROLL 3.4INX3.6YD 6 PLY COTTON LF ST BUNON25861","1","1","0","EA","","HBROR422025","Required"
"M-84077","PENILE PROSTHESIS REPAIR - FIGLER, B","Drug / Medication","OR injection builder (0 mL)","1","0","1","EA","","Pharmacy","PRN"
"M-84077","PENILE PROSTHESIS REPAIR - FIGLER, B","Drug / Medication","bupivacaine 0.25%-EPINEPHrine 1:200,000 (MARCAINE-PF w/EPI) injection (30 mL)","1","0","1","EA","","Pharmacy","PRN"
"M-84077","PENILE PROSTHESIS REPAIR - FIGLER, B","Drug / Medication","gentamicin injection (40 mg/mL)","8","8","0","EA","","Pharmacy","Open"
"M-84077","PENILE PROSTHESIS REPAIR - FIGLER, B","Drug / Medication","mg10lidocaine (XYLOCAINE) 1 % injection (20 mL)","1","1","0","EA","","Pharmacy","Open"
"M-84077","PENILE PROSTHESIS REPAIR - FIGLER, B","Drug / Medication","sodium chloride 0.9 % bacteriostatic injection (350 mL)","1","1","0","EA","","Pharmacy","Open"
"M-84077","PENILE PROSTHESIS REPAIR - FIGLER, B","Drug / Medication","sodium chloride 0.9% (NS) irrigation (1,000 mL)","1","1","0","EA","","Pharmacy","Open"
"M-84077","PENILE PROSTHESIS REPAIR - FIGLER, B","Drug / Medication","sterile water for irrigation (1,000 mL)","1","1","0","EA","","Pharmacy","Open"
"M-84077","PENILE PROSTHESIS REPAIR - FIGLER, B","Capital Equipment","Console RFID","1","1","0","EA","","OR Room / Core","Required: Yes"
"M-84077","PENILE PROSTHESIS REPAIR - FIGLER, B","Capital Equipment","ESU","1","1","0","EA","","OR Room / Core","Required: Yes"
"M-84077","PENILE PROSTHESIS REPAIR - FIGLER, B","Capital Equipment","Sequential Compression Device","1","1","0","EA","","OR Room / Core","Required: Yes"
"M-84077","PENILE PROSTHESIS REPAIR - FIGLER, B","Capital Equipment","Suction Neptune","1","1","0","EA","","OR Room / Core","Required: Yes"
"M-84077","PENILE PROSTHESIS REPAIR - FIGLER, B","Capital Equipment","Warmer Forced Air","1","1","0","EA","","OR Room / Core","Required: Yes"
"M-84077","PENILE PROSTHESIS REPAIR - FIGLER, B","Instrument / Tray","HBR URO Penile Extras","1","1","0","TRAY","","Sterile Processing / Core","Required: Yes"
"M-84077","PENILE PROSTHESIS REPAIR - FIGLER, B","Instrument / Tray","ensure this tray is on the CLEAN table (separate)HBR URO Urology Minor","1","1","0","TRAY","","Sterile Processing / Core","Required: Yes"
"M-90889","POST PHALLO IPP - FIGLER, B","Supply / Disposable",", 10884524000077Pad Ground Electrode Adl 30lb D-319853-026613 R-01420E7507","1","1","0","EA","","HBROR - A3C1-41100642","Required"
"M-90889","POST PHALLO IPP - FIGLER, B","Supply / Disposable",", 10884524000053Pencil Cautery Electrosurg W/Holster 50/CaE2516H","1","1","0","EA","","HBROR - A3C1-6050934","Required"
"M-90889","POST PHALLO IPP - FIGLER, B","Supply / Disposable",", 10884521007994SYRINGE BULB IRRIGATION 1.5OZ D-100156,344730 N-3973067000","2","2","0","EA","","HBROR - A3C3-10000612","Required"
"M-90889","POST PHALLO IPP - FIGLER, B","Supply / Disposable",", 20884527005557BOWL SOLUTION 16OZ POLY DISP ST LF 75/","3","3","0","CA","","HBROR - A3C4-2001407","Required"
"M-90889","POST PHALLO IPP - FIGLER, B","Supply / Disposable","00","6","1","0","EA","","","Required"
"M-90889","POST PHALLO IPP - FIGLER, B","Supply / Disposable",", 07332551292706GLOVE SURG UNDER SZ 7.5 BLUE LF PF ST BIOGEL PI INDIC41675","1","1","0","EA","","HBROR - A4C2-12027325","Required"
"M-90889","POST PHALLO IPP - FIGLER, B","Supply / Disposable",", 10885380027406GLOVE SURG SZ 7.5 BLUE W/NEU-THERA LF PF ST PROTEXIS 2D73EB75","1","1","0","EA","","HBROR - A4C3-20051133","Required"
"M-90889","POST PHALLO IPP - FIGLER, B","Supply / Disposable",", 10885380031953GLOVE SURG SZ 7.5 SYNTHETIC CREAM LF PF ST PROTEXIS P2D72PT75X","1","1","0","EA","","HBROR - A4C3-5051092","Required"
"M-90889","POST PHALLO IPP - FIGLER, B","Supply / Disposable",", 10884521104372Stapler Skin Appose 35 Wide 12/Bx 48/Ca D-027582-10108886803712","2","1","1","EA","","HBROR - A5C2-22051924","Required"
"M-90889","POST PHALLO IPP - FIGLER, B","Supply / Disposable",", 00382903028306Syringe 20ml Ll 48/Bx Ca/192 N-396178302830","1","0","1","EA","","HBROR - A5C3-1051860","Required"
"M-90889","POST PHALLO IPP - FIGLER, B","Supply / Disposable",", 00382903096534SYRINGE 50ML LL 40/BX 4BX/","3","3","0","CA","","HBROR - A5C3-3000610","Required"
"M-90889","POST PHALLO IPP - FIGLER, B","Supply / Disposable","653","3","0","9","EA","","","Required"
"M-90889","POST PHALLO IPP - FIGLER, B","Supply / Disposable",", 00848340000003Decanter Bag Ca/50 O-00174110-102","3","1","2","EA","","HBROR - A5C3-37052155","Required"
"M-90889","POST PHALLO IPP - FIGLER, B","Supply / Disposable",", 10705031203532Adhesive Skin Dermabond Advanc D 12/Bx O 128446 N-389DNX12","2","1","1","EA","","HBROR - A6C2-32051163","Required"
"M-90889","POST PHALLO IPP - FIGLER, B","Supply / Disposable","/Ca O-3949132082-1X","5","1","4","EA","","HBROR129799Razor Prep Double Sided O-050509DYND70837EA110HBROR392556Dispenser Foam Pump 4oz Hibicl Ens57541EA110HBROR395182Alcohol Rubbing Isopropyl 4oz R-378288MDS098011EA101HBROR422010Bandage Self Lf 2inx60in Adher E 36","Required"
"M-90889","POST PHALLO IPP - FIGLER, B","Supply / Disposable",", 10884521709874COVER WAND RF DETECTABLE ST01-0020","1","1","0","EA","","HBROR448590PACK MINOR UROLOGYDYNJT7137EA101HBROR025178","Required"
"M-90889","POST PHALLO IPP - FIGLER, B","Supply / Disposable","/Pk127503","1","1","0","EA","","HBROR032402Towel Drape 5","Required"
"M-90889","POST PHALLO IPP - FIGLER, B","Supply / Disposable","/3 Towels127338A","1","1","0","EA","","HBROR032790Pack 4 Gown W","Required"
"M-90889","POST PHALLO IPP - FIGLER, B","Supply / Disposable",", 20080196692955Sponge Super Prep 6x6.75 O-002328NON25854","0","0","0","EA","","HBROR032867Glove Dpc Latex Free Biogel GLVDPC1EA000HBROR032869Glove Dpc Duraprene Plus PfGLVDPC3EA000HBROR032870Glove Dpc Pi ProtexisGLVDPC4EA000HBROR032871Glove Dpc Ortho ProtexisGLVDPC5EA000HBROR032872Glove Dpc Blue ProtexisGLVDPC6EA000HBROR032873Glove Dpc Micro ProtexisGLVDPC7EA220HBROR053921Chloraprep 26ml Orng St O-050864930815EA110HBROR054986","PRN / Inactive"
"M-90889","POST PHALLO IPP - FIGLER, B","Supply / Disposable",", 00842351190005System Wound Irrigation 450ml Debridement Irrisept ISEPT-450-USA","2","1","1","EA","","HBROR135718","Required"
"M-90889","POST PHALLO IPP - FIGLER, B","Supply / Disposable",", 10080196751839Dressing 2x2 Island R-002417MSC3222","1","0","1","EA","","HBROR232221","Required"
"M-90889","POST PHALLO IPP - FIGLER, B","Supply / Disposable",", 10888277107465Tip Suction Yankau Std On OffOR164","1","1","0","EA","","HBROR266357","Required"
"M-90889","POST PHALLO IPP - FIGLER, B","Supply / Disposable",", 10080196998593Tray Skin Prep O-000455DYND70661","1","1","0","EA","","HBROR347533","Required"
"M-90889","POST PHALLO IPP - FIGLER, B","Supply / Disposable",", 00801741029738Cath Foley Silc 12fr 5ml Ball 12/Ca N-001478165812","1","1","0","EA","","HBROR356599","Required"
"M-90889","POST PHALLO IPP - FIGLER, B","Supply / Disposable",", 10080196745500Cover Table 44x90 R-002057DYNJP2311","1","1","0","EA","","HBROR362962","Required"
"M-90889","POST PHALLO IPP - FIGLER, B","Supply / Disposable",", 00801741074141TRAY CATH FOLEY 16FR 5CC BALLOON DRAIN BAG PVC SURESTA947316","1","0","1","EA","","HBROR386430","Required"
"M-90889","POST PHALLO IPP - FIGLER, B","Supply / Disposable",", 10080196291588Lube Jelly 2oz St Flip Top Tub E O-051123 R-395032 MDS032285","1","1","0","EA","","HBROR395053","Required"
"M-90889","POST PHALLO IPP - FIGLER, B","Supply / Disposable",", 10080196845095DRESSING GAUZE ROLL 3.4INX3.6YD 6 PLY COTTON LF ST BUNON25861","1","1","0","EA","","HBROR422025","Required"
"M-90889","POST PHALLO IPP - FIGLER, B","Drug / Medication","OR injection builder (0 mL)","1","0","1","EA","","Pharmacy","PRN"
"M-90889","POST PHALLO IPP - FIGLER, B","Drug / Medication","bupivacaine 0.25%-EPINEPHrine 1:200,000 (MARCAINE-PF w/EPI) injection (30 mL)","1","0","1","EA","","Pharmacy","PRN"
"M-90889","POST PHALLO IPP - FIGLER, B","Drug / Medication","sterile water for irrigation (1,000 mL)","1","1","0","EA","","Pharmacy","Open"
"M-90889","POST PHALLO IPP - FIGLER, B","Capital Equipment","Console RFID","1","1","0","EA","","OR Room / Core","Required: Yes"
"M-90889","POST PHALLO IPP - FIGLER, B","Capital Equipment","ESU","1","1","0","EA","","OR Room / Core","Required: Yes"
"M-90889","POST PHALLO IPP - FIGLER, B","Capital Equipment","Sequential Compression Device","1","1","0","EA","","OR Room / Core","Required: Yes"
"M-90889","POST PHALLO IPP - FIGLER, B","Capital Equipment","Suction Neptune","1","1","0","EA","","OR Room / Core","Required: Yes"
"M-90889","POST PHALLO IPP - FIGLER, B","Capital Equipment","Warmer Forced Air","1","1","0","EA","","OR Room / Core","Required: Yes"
"M-90889","POST PHALLO IPP - FIGLER, B","Instrument / Tray","HBR ORT Stryker CD System","1","1","0","TRAY","","Sterile Processing / Core","Required: Yes"
"M-90889","POST PHALLO IPP - FIGLER, B","Instrument / Tray","HBR ORT Stryker Sterile Battery Small","1","1","0","TRAY","","Sterile Processing / Core","Required: Yes"
"M-90889","POST PHALLO IPP - FIGLER, B","Instrument / Tray","HBR URO Olympus Flexible Ureteroscope","1","1","0","TRAY","","Sterile Processing / Core","Required: Yes"
"M-90889","POST PHALLO IPP - FIGLER, B","Instrument / Tray","HBR URO Penile Extras","1","1","0","TRAY","","Sterile Processing / Core","Required: Yes"
"M-90889","POST PHALLO IPP - FIGLER, B","Instrument / Tray","ensure this tray is on the CLEAN table (separate)HBR URO Perineal Bookwalter A","1","1","0","TRAY","","Sterile Processing / Core","Required: Yes"
"M-90889","POST PHALLO IPP - FIGLER, B","Instrument / Tray","HBR URO Perineal Bookwalter B","1","1","0","TRAY","","Sterile Processing / Core","Required: Yes"
"M-90889","POST PHALLO IPP - FIGLER, B","Instrument / Tray","HBR URO Urology Minor","1","1","0","TRAY","","Sterile Processing / Core","Required: Yes"
"M-77941","RECON NON-URETHRA - FIGLER, B","Supply / Disposable",", 10884524000077Pad Ground Electrode Adl 30lb D-319853-026613 R-01420E7507","1","1","0","EA","","HBROR - A3C1-41100642","Required"
"M-77941","RECON NON-URETHRA - FIGLER, B","Supply / Disposable",", 10885380027291GLOVE SURG SZ 7.5 CREAM SYNTHETIC LF PF PROTEXIS PI M2D73PM75","1","1","0","EA","","HBROR - A4C3-13051084","Required"
"M-77941","RECON NON-URETHRA - FIGLER, B","Supply / Disposable",", 10885380027406GLOVE SURG SZ 7.5 BLUE W/NEU-THERA LF PF ST PROTEXIS 2D73EB75","1","1","0","EA","","HBROR - A4C3-20051133","Required"
"M-77941","RECON NON-URETHRA - FIGLER, B","Supply / Disposable",", 00707387507350DRAPE STERI INCISE LG 60X45CM IOBAN 10EA/BX D-355296 6650EZ","1","1","0","EA","","HBROR - A5C6-20000415","Required"
"M-77941","RECON NON-URETHRA - FIGLER, B","Supply / Disposable","/CA S-317945/444131 2F7114","1","1","0","EA","","HBROR448590PACK MINOR UROLOGYDYNJT7137EA110HBROR051941SOLN IRRIG H2O ST 1000ML BTL 12","Required"
"M-77941","RECON NON-URETHRA - FIGLER, B","Supply / Disposable",", 10080196723140Drape Surg 121x102x78in Lap TDYNJP3003","1","1","0","EA","","HBROR052795SLEEVE SCD KNEE LENGTH MED 21IN BLENDED EXPRESS KENDA9529BPR110HBROR218815","Required"
"M-77941","RECON NON-URETHRA - FIGLER, B","Supply / Disposable",", 80080196288419Legging Lithotomy Convt R-002147DYNJP2461","1","1","0","EA","","HBROR220255","Required"
"M-77941","RECON NON-URETHRA - FIGLER, B","Supply / Disposable",", 00707387775162Blanket Upper Body R-00137442234","1","1","0","EA","","HBROR224118","Required"
"M-77941","RECON NON-URETHRA - FIGLER, B","Drug / Medication","bupivacaine 0.25%-EPINEPHrine 1:200,000 (MARCAINE-PF w/EPI) injection (1 mL)","1","0","1","EA","","Pharmacy","PRN"
"M-77941","RECON NON-URETHRA - FIGLER, B","Drug / Medication","sterile water for irrigation (1,000 mL)","1","1","0","EA","","Pharmacy","Open"
"M-77941","RECON NON-URETHRA - FIGLER, B","Capital Equipment","Console RFID","1","1","0","EA","","OR Room / Core","Required: Yes"
"M-77941","RECON NON-URETHRA - FIGLER, B","Capital Equipment","ESU","1","1","0","EA","","OR Room / Core","Required: Yes"
"M-77941","RECON NON-URETHRA - FIGLER, B","Capital Equipment","Generator Ligasure","2","2","0","EA","","OR Room / Core","Required: Yes"
"M-77941","RECON NON-URETHRA - FIGLER, B","Capital Equipment","Sequential Compression Device","1","1","0","EA","","OR Room / Core","Required: Yes"
"M-77941","RECON NON-URETHRA - FIGLER, B","Capital Equipment","Suction Neptune","1","1","0","EA","","OR Room / Core","Required: Yes"
"M-77941","RECON NON-URETHRA - FIGLER, B","Capital Equipment","Warmer Forced Air","1","1","0","EA","","OR Room / Core","Required: Yes"
"M-77941","RECON NON-URETHRA - FIGLER, B","Instrument / Tray","HBR URO Urology Minor","1","1","0","TRAY","","Sterile Processing / Core","Required: Yes"
"M-75978","RECON URETHRA - FIGLER, B","Supply / Disposable",", 00888937015478Stay Surgical Elastic Single H Ook 5mm Blue3311-1GEANote: Lithotomy 101HBROR - A3C1-18013263Forcep Bipolar Cautery Bayonet Insulated20-1370I","8","0","8","EA","","HBROR - A1C3-27014783","Required"
"M-75978","RECON URETHRA - FIGLER, B","Supply / Disposable",", 10884524000077Pad Ground Electrode Adl 30lb D-319853-026613 R-01420E7507","1","1","0","EA","","HBROR - A3C1-41100642","Required"
"M-75978","RECON URETHRA - FIGLER, B","Supply / Disposable",", 00085412001050Set Irrigation Cysto W/Cath 81In Ad Pr Clamp D-0108352C4040","1","1","0","EA","","HBROR - A3C3-24052011","Required"
"M-75978","RECON URETHRA - FIGLER, B","Supply / Disposable",", 10885380072437Tubing Suction Noncond 20ft St Maxi-Grip 20/CaCFN620A","1","1","0","EA","","HBROR - A3C3-4001943","Required"
"M-75978","RECON URETHRA - FIGLER, B","Supply / Disposable",", 20884527005557BOWL SOLUTION 16OZ POLY DISP ST LF 75/","2","2","0","CA","","HBROR - A3C4-2001407","Required"
"M-75978","RECON URETHRA - FIGLER, B","Supply / Disposable","00","6","1","0","EA","","","Required"
"M-75978","RECON URETHRA - FIGLER, B","Supply / Disposable",", 10885380027291GLOVE SURG SZ 7.5 CREAM SYNTHETIC LF PF PROTEXIS PI M2D73PM75","2","1","1","EA","","HBROR - A4C3-13051084","Required"
"M-75978","RECON URETHRA - FIGLER, B","Supply / Disposable",", 10885380027406GLOVE SURG SZ 7.5 BLUE W/NEU-THERA LF PF ST PROTEXIS 2D73EB75","2","1","1","EA","","HBROR - A4C3-20051133","Required"
"M-75978","RECON URETHRA - FIGLER, B","Supply / Disposable",", 10884521104372Stapler Skin Appose 35 Wide 12/Bx 48/Ca D-027582-10108886803712","1","1","0","EA","","HBROR - A5C2-22051924","Required"
"M-75978","RECON URETHRA - FIGLER, B","Supply / Disposable",", 00382903029952Syringe 10ml Ll 5/Sr /Bx/200 400/Ca O-000599302995","2","2","0","EA","","HBROR - A5C3-10052913","Required"
"M-75978","RECON URETHRA - FIGLER, B","Supply / Disposable",", 00382903051960NDL HYPODERMIC 18 GA 1.5IN REG BEVEL PRECISIONGLIDE 305196","1","1","0","EA","","HBROR - A5C3-12000553","Required"
"M-75978","RECON URETHRA - FIGLER, B","Supply / Disposable",", 10884521700956Sponge Lap Rfd 18x18 Str 5/Pk 40pk/Ca S-INST-0631-118L1818-04P01C-1","2","0","2","PK","","HBROR - A6C1-11050697","Required"
"M-75978","RECON URETHRA - FIGLER, B","Supply / Disposable",".25x12 Str O-050695DYND50301","1","1","0","EA","","HBROR231312Drain Penrose Lf 0","Required"
"M-75978","RECON URETHRA - FIGLER, B","Supply / Disposable","/3 Towels127338A","1","1","0","EA","","HBROR448590PACK MINOR UROLOGYDYNJT7137EA110HBROR032790Pack 4 Gown W","Required"
"M-75978","RECON URETHRA - FIGLER, B","Supply / Disposable","/CA S-317945/444131 2F7114","1","1","0","EA","","HBROR051941SOLN IRRIG H2O ST 1000ML BTL 12","Required"
"M-75978","RECON URETHRA - FIGLER, B","Supply / Disposable",", 00801741029752Cath Foley Silc 16fr 5ml 12/Ca N-001480165816","1","1","0","EA","","HBROR052795SLEEVE SCD KNEE LENGTH MED 21IN BLENDED EXPRESS KENDA9529BPR220HBROR053921Chloraprep 26ml Orng St O-050864930815EA101HBROR101539","Required"
"M-75978","RECON URETHRA - FIGLER, B","Supply / Disposable",", Legging Lithotomy Convt R-002147DYNJP2461","1","0","1","EA","","HBROR220255","Required"
"M-75978","RECON URETHRA - FIGLER, B","Supply / Disposable","8419110HBROR224118, 00707387775162Blanket Upper Body R-00137442234","8","0","0","EA","8019628","","Required"
"M-75978","RECON URETHRA - FIGLER, B","Supply / Disposable",", 00801741029509BAG DRAINAGE URINE 2000ML 48IN TUBE ANTI REFLUX CHAMB154002","1","0","1","EA","","HBROR315222","Required"
"M-75978","RECON URETHRA - FIGLER, B","Supply / Disposable",", 10192253047868Drsg Gauze 5x9 St Xeroform R-0533978884433605","2","0","2","EA","","HBROR315421","Required"
"M-75978","RECON URETHRA - FIGLER, B","Supply / Disposable",", 10080196692378Dressing Roll Sof-Form 2in 12/Bx R-002004NON25496","1","0","1","EA","","HBROR341740","Required"
"M-75978","RECON URETHRA - FIGLER, B","Supply / Disposable",", 10885380142994Drape Lithotomy 35x44x102in Lf St Disp29455","1","0","1","EA","","HBROR357149","Required"
"M-75978","RECON URETHRA - FIGLER, B","Supply / Disposable",", 10080196291588Lube Jelly 2oz St Flip Top Tub E O-051123 R-395032 MDS032285","1","1","0","EA","","HBROR395053","Required"
"M-75978","RECON URETHRA - FIGLER, B","Supply / Disposable",", 10080196845095DRESSING GAUZE ROLL 3.4INX3.6YD 6 PLY COTTON LF ST BUNON25861","1","1","0","EA","","HBROR422025","Required"
"M-75978","RECON URETHRA - FIGLER, B","Drug / Medication","OR injection builder (0 mL)","1","0","1","EA","","Pharmacy","PRN"
"M-75978","RECON URETHRA - FIGLER, B","Drug / Medication","bupivacaine 0.25%-EPINEPHrine 1:200,000 (MARCAINE-PF w/EPI) injection (30 mL)","1","0","1","EA","","Pharmacy","PRN"
"M-75978","RECON URETHRA - FIGLER, B","Drug / Medication","sterile water for irrigation (1,000 mL)","1","1","0","EA","","Pharmacy","Open"
"M-75978","RECON URETHRA - FIGLER, B","Capital Equipment","Console RFID","1","1","0","EA","","OR Room / Core","Required: Yes"
"M-75978","RECON URETHRA - FIGLER, B","Capital Equipment","ESU","1","1","0","EA","","OR Room / Core","Required: Yes"
"M-75978","RECON URETHRA - FIGLER, B","Capital Equipment","Sequential Compression Device","1","1","0","EA","","OR Room / Core","Required: Yes"
"M-75978","RECON URETHRA - FIGLER, B","Capital Equipment","Stand Mayo","1","1","0","EA","","OR Room / Core","Required: Yes"
"M-75978","RECON URETHRA - FIGLER, B","Capital Equipment","Suction Neptune","1","1","0","EA","","OR Room / Core","Required: Yes"
"M-75978","RECON URETHRA - FIGLER, B","Capital Equipment","Table Back Large","1","1","0","EA","","OR Room / Core","Required: Yes"
"M-75978","RECON URETHRA - FIGLER, B","Capital Equipment","Table OR Skytron","1","1","0","EA","","OR Room / Core","Required: Yes"
"M-75978","RECON URETHRA - FIGLER, B","Capital Equipment","Video Tower","1","1","0","EA","","OR Room / Core","Required: Yes"
"M-75978","RECON URETHRA - FIGLER, B","Capital Equipment","Warmer Forced Air","1","1","0","EA","","OR Room / Core","Required: Yes"
"M-75978","RECON URETHRA - FIGLER, B","Instrument / Tray","HBR URO Olympus HD Flexible Cystoscope","1","1","0","TRAY","","Sterile Processing / Core","Required: Yes"
"M-75978","RECON URETHRA - FIGLER, B","Instrument / Tray","HBR URO Perineal Bookwalter A","1","1","0","TRAY","","Sterile Processing / Core","Required: Yes"
"M-75978","RECON URETHRA - FIGLER, B","Instrument / Tray","HBR URO Perineal Bookwalter B","1","1","0","TRAY","","Sterile Processing / Core","Required: Yes"
"M-75978","RECON URETHRA - FIGLER, B","Instrument / Tray","HBR URO Recon","1","1","0","TRAY","","Sterile Processing / Core","Required: Yes"
"M-74204","RECTAL PROCEDURES MINOR - FIGLER, B","Supply / Disposable",".5 40/Ca S-INST-0630-002-720UNC9477","1","1","0","EA","","HBROR - A1C1-4002525Packing Vaginal 2x7","Required"
"M-74204","RECTAL PROCEDURES MINOR - FIGLER, B","Supply / Disposable",", 10884524000077Pad Ground Electrode Adl 30lb D-319853-026613 R-01420E7507","1","1","0","EA","","HBROR - A3C1-41100642","Required"
"M-74204","RECTAL PROCEDURES MINOR - FIGLER, B","Supply / Disposable",", 10885380072437Tubing Suction Noncond 20ft St Maxi-Grip 20/CaCFN620A","1","1","0","EA","","HBROR - A3C3-4001943","Required"
"M-74204","RECTAL PROCEDURES MINOR - FIGLER, B","Supply / Disposable",", 10885380027413GLOVE SURG SZ 8 BLUE W/NEU-THERA LF PF ST PROTEXIS PI 2D73EB80","1","1","0","EA","","HBROR - A4C3-21051134","Required"
"M-74204","RECTAL PROCEDURES MINOR - FIGLER, B","Supply / Disposable",", 10885380031953GLOVE SURG SZ 7.5 SYNTHETIC CREAM LF PF ST PROTEXIS P2D72PT75X","1","1","0","EA","","HBROR - A4C3-5051092","Required"
"M-74204","RECTAL PROCEDURES MINOR - FIGLER, B","Supply / Disposable",", 00707387057251Drape Steri Lg 17x23in 4ea/Bx1010","1","1","0","EA","","HBROR - A5C6-11002338","Required"
"M-74204","RECTAL PROCEDURES MINOR - FIGLER, B","Supply / Disposable","% Povidone Iodine 4oz O-051023 D-385696 NMDS093944","1","1","0","EA","","HBROR344663Soln Prep 10","Required"
"M-74204","RECTAL PROCEDURES MINOR - FIGLER, B","Supply / Disposable","/5 Towels6701D","1","1","0","EA","","HBROR004683Pack Lp Gown 67013d Lg 1xlg W","Required"
"M-74204","RECTAL PROCEDURES MINOR - FIGLER, B","Supply / Disposable",", 10884521709874COVER WAND RF DETECTABLE ST01-0020","1","0","1","EA","","HBROR025178","Required"
"M-74204","RECTAL PROCEDURES MINOR - FIGLER, B","Supply / Disposable","/CA S-317945/444131 2F7114","0","0","0","EA","","HBROR032867Glove Dpc Latex Free Biogel GLVDPC1EA000HBROR032869Glove Dpc Duraprene Plus PfGLVDPC3EA000HBROR032870Glove Dpc Pi ProtexisGLVDPC4EA000HBROR032871Glove Dpc Ortho ProtexisGLVDPC5EA000HBROR032872Glove Dpc Blue ProtexisGLVDPC6EA000HBROR032873Glove Dpc Micro ProtexisGLVDPC7EA110HBROR051941SOLN IRRIG H2O ST 1000ML BTL 12","PRN / Inactive"
"M-74204","RECTAL PROCEDURES MINOR - FIGLER, B","Supply / Disposable",", 10694393126101Pant Incontinent Lg O-394941706A","1","1","0","BG","","HBROR052795SLEEVE SCD KNEE LENGTH MED 21IN BLENDED EXPRESS KENDA9529BPR101HBROR055011","Required"
"M-74204","RECTAL PROCEDURES MINOR - FIGLER, B","Supply / Disposable",", 00707387775162Blanket Upper Body R-00137442234","1","0","1","EA","","HBROR224118","Required"
"M-74204","RECTAL PROCEDURES MINOR - FIGLER, B","Supply / Disposable",", 10195327017095PACK PROCEDURE LITHOTOMY CUSTOM STERILEDYNJ80236","1","1","0","EA","","HBROR239051","Required"
"M-74204","RECTAL PROCEDURES MINOR - FIGLER, B","Supply / Disposable",", 10080196158768DEPRESSOR TONGUE STRL ADLT 6INMDS202075","2","2","0","EA","","HBROR346727","Required"
"M-74204","RECTAL PROCEDURES MINOR - FIGLER, B","Supply / Disposable",", 10080196690985Drsg Abd/Combine 8x10in R-002227NON21454","1","0","1","EA","","HBROR349224","Required"
"M-74204","RECTAL PROCEDURES MINOR - FIGLER, B","Supply / Disposable",", 00707387774981Blanket Warming Lower Body Bai R Hugger O-00137552500","2","1","1","EA","","HBROR356230","Required"
"M-74204","RECTAL PROCEDURES MINOR - FIGLER, B","Drug / Medication","OR injection builder (0 mL)","1","0","1","EA","","Pharmacy","PRN"
"M-74204","RECTAL PROCEDURES MINOR - FIGLER, B","Drug / Medication","bupivacaine (MARCAINE-PF) injection 0.25% (30 mL)","1","0","1","EA","","Pharmacy","PRN"
"M-74204","RECTAL PROCEDURES MINOR - FIGLER, B","Drug / Medication","bupivacaine 0.25%-EPINEPHrine 1:200,000 (MARCAINE-PF w/EPI) injection (30 mL)","1","0","1","EA","","Pharmacy","PRN"
"M-74204","RECTAL PROCEDURES MINOR - FIGLER, B","Drug / Medication","lidocaine (XYLOCAINE) 1 % injection (30 mL)","1","0","1","EA","","Pharmacy","PRN"
"M-74204","RECTAL PROCEDURES MINOR - FIGLER, B","Drug / Medication","sterile water for irrigation (1,000 mL)","1","1","0","EA","","Pharmacy","Open"
"M-74204","RECTAL PROCEDURES MINOR - FIGLER, B","Capital Equipment","Console RFID","1","1","0","EA","","OR Room / Core","Required: Yes"
"M-74204","RECTAL PROCEDURES MINOR - FIGLER, B","Capital Equipment","ESU","1","1","0","EA","","OR Room / Core","Required: Yes"
"M-74204","RECTAL PROCEDURES MINOR - FIGLER, B","Capital Equipment","Sequential Compression Device","1","1","0","EA","","OR Room / Core","Required: Yes"
"M-74204","RECTAL PROCEDURES MINOR - FIGLER, B","Capital Equipment","Suction Neptune","1","1","0","EA","","OR Room / Core","Required: Yes"
"M-74204","RECTAL PROCEDURES MINOR - FIGLER, B","Capital Equipment","Warmer Forced Air","1","1","0","EA","","OR Room / Core","Required: Yes"
"M-67904","RIGID CYSTO  - FIGLER, B","Supply / Disposable",", 00382903029952Syringe 10ml Ll 5/Sr /Bx/200 400/Ca O-000599302995","1","1","0","EA","","HBROR - A5C3-10052913","Required"
"M-67904","RIGID CYSTO  - FIGLER, B","Supply / Disposable",", 00707387020910Drape C-Arm 165cmx106cm 10ea/Bx1013","1","1","0","EA","","HBROR - A5C6-8002334","Required"
"M-67904","RIGID CYSTO  - FIGLER, B","Supply / Disposable","% Povidone Iodine 4oz O-051023 D-385696 NMDS093944","1","1","0","EA","","HBROR301044Irrigator Pathfinder Bulb 10inPA701EA110HBROR344663Soln Prep 10","Required"
"M-67904","RIGID CYSTO  - FIGLER, B","Supply / Disposable",", 00848340010781Disp System Non Sterile Easy C AtcherO-EC52","1","1","0","EA","","HBROR032587","Required"
"M-67904","RIGID CYSTO  - FIGLER, B","Supply / Disposable",", 08714729808145FIBER LASER 200M0068403910","0","0","0","EA","","HBROR032867Glove Dpc Latex Free Biogel GLVDPC1EA000HBROR032869Glove Dpc Duraprene Plus PfGLVDPC3EA000HBROR032870Glove Dpc Pi ProtexisGLVDPC4EA000HBROR032871Glove Dpc Ortho ProtexisGLVDPC5EA000HBROR032872Glove Dpc Blue ProtexisGLVDPC6EA000HBROR032873Glove Dpc Micro ProtexisGLVDPC7EA101HBROR034336","PRN / Inactive"
"M-67904","RIGID CYSTO  - FIGLER, B","Supply / Disposable","/CA S-317946/3719792F7113","1","1","0","EA","","HBROR051943SOLN IRRIG H2O ST 500ML BTL 18","Required"
"M-67904","RIGID CYSTO  - FIGLER, B","Supply / Disposable","/Ca O-0511979780B","1","1","0","EA","","HBROR052800Sleeve Scd Thigh Lg 15pr","Required"
"M-67904","RIGID CYSTO  - FIGLER, B","Supply / Disposable",", 00801741029752Cath Foley Silc 16fr 5ml 12/Ca N-001480165816","1","0","1","EA","","HBROR101539","Required"
"M-67904","RIGID CYSTO  - FIGLER, B","Supply / Disposable",", 08714729469643Basket Nitinol 1.9fr Zerotip D- 318592 D-200322M0063901050","1","0","1","EA","","HBROR104248","Required"
"M-67904","RIGID CYSTO  - FIGLER, B","Supply / Disposable",", 00810019800344Pack Gown Lp Xlg W/Towel D-003997-385507614000","1","1","0","EA","","HBROR125010","Required"
"M-67904","RIGID CYSTO  - FIGLER, B","Supply / Disposable",", 00707387775162Blanket Upper Body R-00137442234","1","1","0","EA","","HBROR224118","Required"
"M-67904","RIGID CYSTO  - FIGLER, B","Supply / Disposable",", 10195327013349PACK PROCEDURE CYSTO CUSTOM STERILEDYNJ80162","1","1","0","EA","","HBROR239073","Required"
"M-67904","RIGID CYSTO  - FIGLER, B","Supply / Disposable",", 00801741029509BAG DRAINAGE URINE 2000ML 48IN TUBE ANTI REFLUX CHAMB154002","1","0","1","EA","","HBROR315222","Required"
"M-67904","RIGID CYSTO  - FIGLER, B","Supply / Disposable",", 08714729058533Stent Ureteral 6frx26cm Contou RM0061802230","1","0","1","EA","","HBROR316694","Required"
"M-67904","RIGID CYSTO  - FIGLER, B","Supply / Disposable",", 10080196998593Tray Skin Prep O-000455DYND70661","1","1","0","EA","","HBROR347533","Required"
"M-67904","RIGID CYSTO  - FIGLER, B","Supply / Disposable",", 10080196291588Lube Jelly 2oz St Flip Top Tub E O-051123 R-395032 MDS032285","1","1","0","EA","","HBROR395053","Required"
"M-67904","RIGID CYSTO  - FIGLER, B","Drug / Medication","OR injection builder (0 mL)","1","0","1","EA","","Pharmacy","PRN"
"M-67904","RIGID CYSTO  - FIGLER, B","Drug / Medication","iohexol (OMNIPAQUE) 300 mg iodine/mL solution (0 mL)","1","0","1","EA","","Pharmacy","PRN"
"M-67904","RIGID CYSTO  - FIGLER, B","Drug / Medication","sodium chloride 0.9% (NS) irrigation (3,000 mL)","1","1","0","EA","","Pharmacy","Open"
"M-67904","RIGID CYSTO  - FIGLER, B","Capital Equipment","C Arm","1","1","0","EA","","OR Room / Core","Required: Yes"
"M-67904","RIGID CYSTO  - FIGLER, B","Capital Equipment","Console RFID","1","1","0","EA","","OR Room / Core","Required: Yes"
"M-67904","RIGID CYSTO  - FIGLER, B","Capital Equipment","Laser Holmium","1","0","0","EA","","OR Room / Core","Required: No"
"M-67904","RIGID CYSTO  - FIGLER, B","Capital Equipment","Sequential Compression Device","1","1","0","EA","","OR Room / Core","Required: Yes"
"M-67904","RIGID CYSTO  - FIGLER, B","Capital Equipment","Suction Neptune","1","1","0","EA","","OR Room / Core","Required: Yes"
"M-67904","RIGID CYSTO  - FIGLER, B","Capital Equipment","Table Maquet AlphaMaxx","1","1","0","EA","","OR Room / Core","Required: Yes"
"M-67904","RIGID CYSTO  - FIGLER, B","Capital Equipment","Video Tower","1","1","0","EA","","OR Room / Core","Required: Yes"
"M-67904","RIGID CYSTO  - FIGLER, B","Capital Equipment","OLYMPUSWarmer Forced Air","1","1","0","EA","","OR Room / Core","Required: Yes"
"M-67904","RIGID CYSTO  - FIGLER, B","Instrument / Tray","HBR URO Olympus Cystoscope 4mm 30 Degree","1","1","0","TRAY","","Sterile Processing / Core","Required: Yes"
"M-67904","RIGID CYSTO  - FIGLER, B","Instrument / Tray","HBR URO Olympus Cystoscopy","1","1","0","TRAY","","Sterile Processing / Core","Required: Yes"
"M-67904","RIGID CYSTO  - FIGLER, B","Instrument / Tray","HBR URO Olympus HD Flexible Ureteroscope","1","0","0","TRAY","","Sterile Processing / Core","Required: No"
"M-67904","RIGID CYSTO  - FIGLER, B","Instrument / Tray","HBR URO Olympus HD Light Cord Tray","1","1","0","TRAY","","Sterile Processing / Core","Required: Yes"
"M-67904","RIGID CYSTO  - FIGLER, B","Instrument / Tray","HBR URO Urethral Sounds","1","0","0","TRAY","","Sterile Processing / Core","Required: No"
"M-67904","RIGID CYSTO  - FIGLER, B","Instrument / Tray","Have AvailableHBR URO Walther Female Dilators","1","0","0","TRAY","","Sterile Processing / Core","Required: No"
"M-67342","SLING MALE - FIGLER, B","Supply / Disposable",", 00888937015478Stay Surgical Elastic Single H Ook 5mm Blue3311-1G","6","0","6","EA","","HBROR - A1C3-27014783","Required"
"M-67342","SLING MALE - FIGLER, B","Supply / Disposable",", 10884524000077Pad Ground Electrode Adl 30lb D-319853-026613 R-01420E7507","1","0","1","EA","","HBROR - A3C1-18013263Forcep Bipolar Cautery Bayonet Insulated20-1370IEA110HBROR - A3C1-41100642","Required"
"M-67342","SLING MALE - FIGLER, B","Supply / Disposable",", 10884521007994SYRINGE BULB IRRIGATION 1.5OZ D-100156,344730 N-3973067000","1","1","0","EA","","HBROR - A3C3-10000612","Required"
"M-67342","SLING MALE - FIGLER, B","Supply / Disposable",", 00085412001050Set Irrigation Cysto W/Cath 81In Ad Pr Clamp D-0108352C4040","1","1","0","EA","","HBROR - A3C3-24052011","Required"
"M-67342","SLING MALE - FIGLER, B","Supply / Disposable",", 20884527005557BOWL SOLUTION 16OZ POLY DISP ST LF 75/","2","2","0","CA","","HBROR - A3C4-2001407","Required"
"M-67342","SLING MALE - FIGLER, B","Supply / Disposable","00","6","1","0","EA","","","Required"
"M-67342","SLING MALE - FIGLER, B","Supply / Disposable",", 10885380027291GLOVE SURG SZ 7.5 CREAM SYNTHETIC LF PF PROTEXIS PI M2D73PM75","2","1","1","EA","","HBROR - A4C3-13051084","Required"
"M-67342","SLING MALE - FIGLER, B","Supply / Disposable",", 10885380027406GLOVE SURG SZ 7.5 BLUE W/NEU-THERA LF PF ST PROTEXIS 2D73EB75","2","1","1","EA","","HBROR - A4C3-20051133","Required"
"M-67342","SLING MALE - FIGLER, B","Supply / Disposable",", 10705031060357Sut Pds Ii 5-0 Rb-1ndl 27in Z3 03h 36pk/BxZ303H","4","2","2","EA","","HBROR - A4C5-10017407","Required"
"M-67342","SLING MALE - FIGLER, B","Supply / Disposable",", 10705031060494Sut Pds Ii 2-0 Sh Ndl27in Z317 H 36pk/BxZ317H","4","0","4","EA","","HBROR - A4C5-4017486","Required"
"M-67342","SLING MALE - FIGLER, B","Supply / Disposable",", 10705031060470Sut 3-0 Vio Sa Sh Pds Ii 27in MonocrylZ316H","2","0","2","EA","","HBROR - A4C5-8017444","Required"
"M-67342","SLING MALE - FIGLER, B","Supply / Disposable",", 10705031039643Sut Vicryl 4-0 Sh Ndl 27in Undyed J415hJ415H","2","2","0","EA","","HBROR - A4C6-10004653","Required"
"M-67342","SLING MALE - FIGLER, B","Supply / Disposable",", 10705031038226Sut Vicryl 4-0 Rb-1 Ndl 27in U Ndyed J214h 36pk/Bx J214H","4","2","2","EA","","HBROR - A4C6-14017451","Required"
"M-67342","SLING MALE - FIGLER, B","Supply / Disposable",", 10705031059375SUT MONOCRYL 4-0 PS2 18IN SUT UNDYED MONOFIL ABSORB 1Y496GEANote: Skin202HBROR - A4C6-39000572, 10705031037441SUT CHROMIC 3-0 SH NDL 27IN G122H 36PK/BXG122H","2","2","0","EA","","HBROR - A4C6-34000810","Required"
"M-67342","SLING MALE - FIGLER, B","Supply / Disposable",", 10705031051133Sut Chromic 4-0 Rb-1ndl 27in U 203h 36pk/BxU203H","2","0","2","EA","","HBROR - A4C6-42017379","Required"
"M-67342","SLING MALE - FIGLER, B","Supply / Disposable",", Stapler Skin Appose 35 Wide 12/Bx 48/Ca D-8886803712","1","1","0","EA","","HBROR - A5C2-22051924","Required"
"M-67342","SLING MALE - FIGLER, B","Supply / Disposable","4372027582-1010606HBROR - A5C3-14000532, 00382903051274NDL HYPO 25GX1.5 NON-SAFETY D-376057305127","1","0","8","EA","8452110","","Required"
"M-67342","SLING MALE - FIGLER, B","Supply / Disposable",", 00382903096534SYRINGE 50ML LL 40/BX 4BX/","2","2","0","CA","","HBROR - A5C3-3000610","Required"
"M-67342","SLING MALE - FIGLER, B","Supply / Disposable","653","3","0","9","EA","","","Required"
"M-67342","SLING MALE - FIGLER, B","Supply / Disposable",", 10885380107979Drape Cover Mayo Stand 30/Ca8337","1","0","1","EA","","HBROR - A5C5-8002056","Required"
"M-67342","SLING MALE - FIGLER, B","Supply / Disposable",", 10885380118791Cover Back Table 65x908186","1","1","0","EA","","HBROR - A5C5-9018262","Required"
"M-67342","SLING MALE - FIGLER, B","Supply / Disposable",", 10884521700956Sponge Lap Rfd 18x18 Str 5/Pk 40pk/Ca S-INST-0631-118L1818-04P01C-1","2","0","2","PK","","HBROR - A6C1-11050697","Required"
"M-67342","SLING MALE - FIGLER, B","Supply / Disposable",", 20192253048596SPONGE GAUZE 4X4IN 12-PLY LF ST CURITY 10/","1","1","0","PK","","HBROR - A6C2-42002329","Required"
"M-67342","SLING MALE - FIGLER, B","Supply / Disposable","110","3","9","7","EA","","","Required"
"M-67342","SLING MALE - FIGLER, B","Supply / Disposable",".25x12 Str O-050695DYND50301","1","1","0","EA","","HBROR231312Drain Penrose Lf 0","Required"
"M-67342","SLING MALE - FIGLER, B","Supply / Disposable","/100 O-00022603743","1","1","0","EA","","HBROR382987Blade Surgical 15 Bx","Required"
"M-67342","SLING MALE - FIGLER, B","Supply / Disposable",", 00707387444433DRAPE POUCH IOBAN 26658","1","1","0","EA","","HBROR003415","Required"
"M-67342","SLING MALE - FIGLER, B","Supply / Disposable",", 00653405002171Cord Bipolar 12ft Disp135166","1","0","1","EA","","HBROR010894","Required"
"M-67342","SLING MALE - FIGLER, B","Supply / Disposable",", 00888937015638Stay Surgical Elastic Single H Ook 12mm Yellow3350-1G","2","0","2","EA","","HBROR014782","Required"
"M-67342","SLING MALE - FIGLER, B","Supply / Disposable",", 10884521709874COVER WAND RF DETECTABLE ST01-0020","1","0","1","EA","","HBROR025178","Required"
"M-67342","SLING MALE - FIGLER, B","Supply / Disposable",", 00382903051090Ndl St Hypo 27ga/0.5in 100/Bx D-318256-026086305109","1","1","0","EA","","HBROR026086","Required"
"M-67342","SLING MALE - FIGLER, B","Supply / Disposable","/3 Towels127338A","1","1","0","EA","","HBROR032790Pack 4 Gown W","Required"
"M-67342","SLING MALE - FIGLER, B","Supply / Disposable",", 04046963189020Cath Iv 16ga/2.00 Introcan 50/Bx 200/Ca S-4480214251695-02","1","0","1","EA","","HBROR050102","Required"
"M-67342","SLING MALE - FIGLER, B","Supply / Disposable",", 10705031053014SUT COATED VICRYL PLUS 3-0 SH 27 BX/36 R-000784VCP416H","4","4","0","EA","","HBROR050712","Required"
"M-67342","SLING MALE - FIGLER, B","Supply / Disposable","/CA S-317945/444131 2F7114","1","1","0","EA","","HBROR051941SOLN IRRIG H2O ST 1000ML BTL 12","Required"
"M-67342","SLING MALE - FIGLER, B","Supply / Disposable","","1","1","0","PR","","HBROR052795SLEEVE SCD KNEE LENGTH MED 21IN BLENDED EXPRESS KENDA9529B","Required"
"M-67342","SLING MALE - FIGLER, B","Supply / Disposable",", 00801741029752Cath Foley Silc 16fr 5ml 12/Ca N-001480165816","2","2","0","EA","","HBROR053921Chloraprep 26ml Orng St O-050864930815EA101HBROR101539","Required"
"M-67342","SLING MALE - FIGLER, B","Supply / Disposable",", 00801741029776Cath Foley Sil 20fr 5ml Bal 2w S-226444165820","1","0","1","EA","","HBROR105477","Required"
"M-67342","SLING MALE - FIGLER, B","Supply / Disposable",", 00707387775162Blanket Upper Body R-00137442234","1","1","0","EA","","HBROR224118","Required"
"M-67342","SLING MALE - FIGLER, B","Supply / Disposable",", 10080196845460Cath Foley Sil 18fr 5ml Bal 2w AyDYND11503","1","0","1","EA","","HBROR226443","Required"
"M-67342","SLING MALE - FIGLER, B","Supply / Disposable",", 10195327017095PACK PROCEDURE LITHOTOMY CUSTOM STERILEDYNJ80236","1","1","0","EA","","HBROR239051","Required"
"M-67342","SLING MALE - FIGLER, B","Supply / Disposable",", 00801741029509BAG DRAINAGE URINE 2000ML 48IN TUBE ANTI REFLUX CHAMB154002","1","0","1","EA","","HBROR315222","Required"
"M-67342","SLING MALE - FIGLER, B","Supply / Disposable",", 10192253047868Drsg Gauze 5x9 St Xeroform R-0533978884433605","1","0","1","EA","","HBROR315421","Required"
"M-67342","SLING MALE - FIGLER, B","Supply / Disposable",", 10080196692378Dressing Roll Sof-Form 2in 12/Bx R-002004NON25496","1","0","1","EA","","HBROR341740","Required"
"M-67342","SLING MALE - FIGLER, B","Supply / Disposable",", 10885380142994Drape Lithotomy 35x44x102in Lf St Disp29455","1","0","1","EA","","HBROR357149","Required"
"M-67342","SLING MALE - FIGLER, B","Supply / Disposable",", 10080196291588Lube Jelly 2oz St Flip Top Tub E O-051123 R-395032 MDS032285","1","1","0","EA","","HBROR395053","Required"
"M-67342","SLING MALE - FIGLER, B","Supply / Disposable",", 10080196845095DRESSING GAUZE ROLL 3.4INX3.6YD 6 PLY COTTON LF ST BUNON25861","1","1","0","EA","","HBROR422025","Required"
"M-67342","SLING MALE - FIGLER, B","Supply / Disposable",", 80080196743512DRAPE UTILITY TOWEL SURGICAL 50/CA R-002412DYNJP2408","2","2","0","PH","","HBROR443605","Required"
"M-67342","SLING MALE - FIGLER, B","Supply / Disposable",", 00801741019944CATH BAL 16FR 5CC LUBRI-SIL COUNCILL 2 WAY FOLEY R-050172L16","1","0","1","EA","","HBROR448070","Required"
"M-67342","SLING MALE - FIGLER, B","Drug / Medication","OR injection builder (0 mL)","1","0","1","EA","","Pharmacy","PRN"
"M-67342","SLING MALE - FIGLER, B","Drug / Medication","bupivacaine (MARCAINE-PF) injection 0.5% (1 mL)","1","1","0","EA","","Pharmacy","Open"
"M-67342","SLING MALE - FIGLER, B","Drug / Medication","bupivacaine 0.25%-EPINEPHrine 1:200,000 (MARCAINE-PF w/EPI) injection (30 mL)","1","0","1","EA","","Pharmacy","PRN"
"M-67342","SLING MALE - FIGLER, B","Drug / Medication","mineral oil, light sterile (MURI-LUBE OIL) (10 mL)","1","1","0","EA","","Pharmacy","Open"
"M-67342","SLING MALE - FIGLER, B","Drug / Medication","sterile water for irrigation (1,000 mL)","1","1","0","EA","","Pharmacy","Open"
"M-67342","SLING MALE - FIGLER, B","Drug / Medication","thrombin-fibrinogen-aprotin-Ca (TISSEEL VHSD) 10 (1 mL)","1","0","1","EA","","Pharmacy","PRN"
"M-67342","SLING MALE - FIGLER, B","Capital Equipment","Console RFID","1","1","0","EA","","OR Room / Core","Required: Yes"
"M-67342","SLING MALE - FIGLER, B","Capital Equipment","ESU","1","1","0","EA","","OR Room / Core","Required: Yes"
"M-67342","SLING MALE - FIGLER, B","Capital Equipment","Sequential Compression Device","1","1","0","EA","","OR Room / Core","Required: Yes"
"M-67342","SLING MALE - FIGLER, B","Capital Equipment","Stand Mayo","1","1","0","EA","","OR Room / Core","Required: Yes"
"M-67342","SLING MALE - FIGLER, B","Capital Equipment","Suction Neptune","1","1","0","EA","","OR Room / Core","Required: Yes"
"M-67342","SLING MALE - FIGLER, B","Capital Equipment","Table Back Large","1","1","0","EA","","OR Room / Core","Required: Yes"
"M-67342","SLING MALE - FIGLER, B","Capital Equipment","Table OR Skytron","1","1","0","EA","","OR Room / Core","Required: Yes"
"M-67342","SLING MALE - FIGLER, B","Capital Equipment","Video Tower","1","1","0","EA","","OR Room / Core","Required: Yes"
"M-67342","SLING MALE - FIGLER, B","Capital Equipment","Warmer Forced Air","1","1","0","EA","","OR Room / Core","Required: Yes"
"M-67342","SLING MALE - FIGLER, B","Instrument / Tray","HBR GEN Stryker 1788 AIM Camera Head","1","1","0","TRAY","","Sterile Processing / Core","Required: Yes"
"M-67342","SLING MALE - FIGLER, B","Instrument / Tray","HBR URO Perineal Bookwalter A","1","1","0","TRAY","","Sterile Processing / Core","Required: Yes"
"M-67342","SLING MALE - FIGLER, B","Instrument / Tray","HBR URO Perineal Bookwalter B","1","1","0","TRAY","","Sterile Processing / Core","Required: Yes"
"M-67342","SLING MALE - FIGLER, B","Instrument / Tray","HBR URO Recon","1","1","0","TRAY","","Sterile Processing / Core","Required: Yes"
"M-67342","SLING MALE - FIGLER, B","Instrument / Tray","t OpenHBR URO Urology Minor","1","1","0","TRAY","","Sterile Processing / Core","Required: Yes"
"M-68613","STSG  - FIGLER, B","Supply / Disposable",", 00801741049569EVACUATOR SUCTION 100ML 10/BX D-2244810070740","1","1","0","EA","","HBROR - A3C1-18013263Forcep Bipolar Cautery Bayonet Insulated20-1370IEA220HBROR - A3C3-15001712","Required"
"M-68613","STSG  - FIGLER, B","Supply / Disposable",", 20884527005557BOWL SOLUTION 16OZ POLY DISP ST LF 75/","1","1","0","CA","","HBROR - A3C4-2001407","Required"
"M-68613","STSG  - FIGLER, B","Supply / Disposable","00","6","1","0","EA","","","Required"
"M-68613","STSG  - FIGLER, B","Supply / Disposable",", 10884521104372Stapler Skin Appose 35 Wide 12/Bx 48/Ca D-027582-10108886803712","2","1","1","EA","","HBROR - A5C2-22051924","Required"
"M-68613","STSG  - FIGLER, B","Supply / Disposable",", 00382903051960NDL HYPODERMIC 18 GA 1.5IN REG BEVEL PRECISIONGLIDE 305196","2","2","0","EA","","HBROR - A5C3-12000553","Required"
"M-68613","STSG  - FIGLER, B","Supply / Disposable",", 00707387507350DRAPE STERI INCISE LG 60X45CM IOBAN 10EA/BX D-355296 6650EZ","1","1","0","EA","","HBROR - A5C6-20000415","Required"
"M-68613","STSG  - FIGLER, B","Supply / Disposable",".BLZM10","1","1","0","EA","","HBROR382985Blade Surgical 10 O-00022303740EA110HBROR422313BLADE DERMATOME ZIMMER AIR5","Required"
"M-68613","STSG  - FIGLER, B","Supply / Disposable",", 00889024375499Dermacarrier Universal 16in00-7716-000-10","1","1","0","EA","","HBROR014631","Required"
"M-68613","STSG  - FIGLER, B","Supply / Disposable",", 10884521709874COVER WAND RF DETECTABLE ST01-0020","1","1","0","EA","","HBROR025178","Required"
"M-68613","STSG  - FIGLER, B","Supply / Disposable",", 10885380182617Drain Blake 15fr W/TrocarJP-2229","2","2","0","EA","","HBROR029074","Required"
"M-68613","STSG  - FIGLER, B","Supply / Disposable",", 00801741029752Cath Foley Silc 16fr 5ml 12/Ca N-001480165816","1","1","0","EA","","HBROR032867Glove Dpc Latex Free Biogel GLVDPC1EA110HBROR032869Glove Dpc Duraprene Plus PfGLVDPC3EA110HBROR032871Glove Dpc Ortho ProtexisGLVDPC5EA110HBROR032872Glove Dpc Blue ProtexisGLVDPC6EA110HBROR032873Glove Dpc Micro ProtexisGLVDPC7EA110HBROR053921Chloraprep 26ml Orng St O-050864930815EA110HBROR101539","Required"
"M-68613","STSG  - FIGLER, B","Supply / Disposable",", 10195327013547Pack Universal O-002197DYNJ80178","1","1","0","EA","","HBROR239049","Required"
"M-68613","STSG  - FIGLER, B","Supply / Disposable",", 00801741029509BAG DRAINAGE URINE 2000ML 48IN TUBE ANTI REFLUX CHAMB154002","1","1","0","EA","","HBROR315222","Required"
"M-68613","STSG  - FIGLER, B","Supply / Disposable",", 10192253047868Drsg Gauze 5x9 St Xeroform R-0533978884433605","2","1","1","EA","","HBROR315421","Required"
"M-68613","STSG  - FIGLER, B","Supply / Disposable",", 10884521741096Dissector Ligasure Exact 40 D EgLF2019","1","1","0","EA","","HBROR390180","Required"
"M-68613","STSG  - FIGLER, B","Drug / Medication","OR injection builder (0 mL)","1","0","1","EA","","Pharmacy","PRN"
"M-68613","STSG  - FIGLER, B","Drug / Medication","bupivacaine 0.25%-EPINEPHrine 1:200,000 (MARCAINE-PF w/EPI) injection (30 mL)","1","0","1","EA","","Pharmacy","PRN"
"M-68613","STSG  - FIGLER, B","Drug / Medication","lidocaine 1%-EPINEPHrine 1:100,000 injection (1 mL)","1","0","1","EA","","Pharmacy","PRN"
"M-68613","STSG  - FIGLER, B","Drug / Medication","mineral oil, light sterile (MURI-LUBE OIL) (200 mL)","2","0","2","EA","","Pharmacy","PRN"
"M-68613","STSG  - FIGLER, B","Drug / Medication","0sodium chloride 0.9% (NS) irrigation (0 mL)","1","1","0","EA","","Pharmacy","Open"
"M-68613","STSG  - FIGLER, B","Capital Equipment","Console RFID","1","1","0","EA","","OR Room / Core","Required: Yes"
"M-68613","STSG  - FIGLER, B","Capital Equipment","ESU","1","1","0","EA","","OR Room / Core","Required: Yes"
"M-68613","STSG  - FIGLER, B","Capital Equipment","Sequential Compression Device","1","1","0","EA","","OR Room / Core","Required: Yes"
"M-68613","STSG  - FIGLER, B","Capital Equipment","Suction Neptune","1","1","0","EA","","OR Room / Core","Required: Yes"
"M-68613","STSG  - FIGLER, B","Instrument / Tray","HBR URO Urology Minor","1","1","0","TRAY","","Sterile Processing / Core","Required: Yes"
"M-68613","STSG  - FIGLER, B","Instrument / Tray","HBR URO Zimmer Air Dermatome","1","1","0","TRAY","","Sterile Processing / Core","Required: Yes"
"M-68613","STSG  - FIGLER, B","Instrument / Tray","Have availableHBR URO Zimmer Universal Multi Sized Mesher","1","1","0","TRAY","","Sterile Processing / Core","Required: Yes"
"M-68200","TRANSURETHRAL RESECTION - FIGLER, B","Supply / Disposable",", 10884524000077Pad Ground Electrode Adl 30lb D-319853-026613 R-01420E7507","1","1","0","EA","","HBROR - A3C1-41100642","Required"
"M-68200","TRANSURETHRAL RESECTION - FIGLER, B","Supply / Disposable",", 00810019800306Pack Gown Standard Xlg 1004d W /Towel Ster1004D","1","1","0","EA","","HBROR - A4C1-2004682","Required"
"M-68200","TRANSURETHRAL RESECTION - FIGLER, B","Supply / Disposable",", 00827002144309Cath Ureteral Open End 6frx70c M D- 102121G14430","0","0","0","EA","","HBROR004507","PRN / Inactive"
"M-68200","TRANSURETHRAL RESECTION - FIGLER, B","Supply / Disposable",", 10884521709874COVER WAND RF DETECTABLE ST01-0020","1","0","1","EA","","HBROR025178","Required"
"M-68200","TRANSURETHRAL RESECTION - FIGLER, B","Supply / Disposable",", 00848340010781Disp System Non Sterile Easy C AtcherO-EC52","1","1","0","EA","","HBROR032587","Required"
"M-68200","TRANSURETHRAL RESECTION - FIGLER, B","Supply / Disposable","/CA S-317945/444131 2F7114","0","0","0","EA","","HBROR032867Glove Dpc Latex Free Biogel GLVDPC1EA000HBROR032869Glove Dpc Duraprene Plus PfGLVDPC3EA000HBROR032870Glove Dpc Pi ProtexisGLVDPC4EA000HBROR032871Glove Dpc Ortho ProtexisGLVDPC5EA000HBROR032872Glove Dpc Blue ProtexisGLVDPC6EA000HBROR032873Glove Dpc Micro ProtexisGLVDPC7EA101HBROR051941SOLN IRRIG H2O ST 1000ML BTL 12","PRN / Inactive"
"M-68200","TRANSURETHRAL RESECTION - FIGLER, B","Supply / Disposable","/Bx 25 /Ca O-0511959530B","1","1","0","EA","","HBROR052799Sleeve Scd Thigh Med 5pr","Required"
"M-68200","TRANSURETHRAL RESECTION - FIGLER, B","Supply / Disposable",", 10195327013349PACK PROCEDURE CYSTO CUSTOM STERILEDYNJ80162","1","1","0","EA","","HBROR239073","Required"
"M-68200","TRANSURETHRAL RESECTION - FIGLER, B","Supply / Disposable",", 10080196998593Tray Skin Prep O-000455DYND70661","1","1","0","EA","","HBROR347533","Required"
"M-68200","TRANSURETHRAL RESECTION - FIGLER, B","Drug / Medication","OR injection builder (0 mL)","1","0","1","EA","","Pharmacy","PRN"
"M-68200","TRANSURETHRAL RESECTION - FIGLER, B","Drug / Medication","bupivacaine 0.25%-EPINEPHrine 1:200,000 (MARCAINE-PF w/EPI) injection (30 mL)","1","0","1","EA","","Pharmacy","PRN"
"M-68200","TRANSURETHRAL RESECTION - FIGLER, B","Drug / Medication","lidocaine (XYLOCAINE UROJET) jelly 2% applicator (10 mL)","0","0","0","EA","","Pharmacy","PRN"
"M-68200","TRANSURETHRAL RESECTION - FIGLER, B","Drug / Medication","Comments: HAsodium chloride 0.9% (NS) irrigation (3,000 mL)","2","1","1","EA","","Pharmacy","Open"
"M-68200","TRANSURETHRAL RESECTION - FIGLER, B","Capital Equipment","Console RFID","1","1","0","EA","","OR Room / Core","Required: Yes"
"M-68200","TRANSURETHRAL RESECTION - FIGLER, B","Capital Equipment","ESU","1","1","0","EA","","OR Room / Core","Required: Yes"
"M-68200","TRANSURETHRAL RESECTION - FIGLER, B","Capital Equipment","Generator Bipolar","1","1","0","EA","","OR Room / Core","Required: Yes"
"M-68200","TRANSURETHRAL RESECTION - FIGLER, B","Capital Equipment","Saline Resector EquipmentSequential Compression Device","1","1","0","EA","","OR Room / Core","Required: Yes"
"M-68200","TRANSURETHRAL RESECTION - FIGLER, B","Capital Equipment","Suction Neptune","1","1","0","EA","","OR Room / Core","Required: Yes"
"M-68200","TRANSURETHRAL RESECTION - FIGLER, B","Capital Equipment","Table Maquet AlphaMaxx","1","1","0","EA","","OR Room / Core","Required: Yes"
"M-68200","TRANSURETHRAL RESECTION - FIGLER, B","Capital Equipment","Warmer Fluid","1","1","0","EA","","OR Room / Core","Required: Yes"
"M-68200","TRANSURETHRAL RESECTION - FIGLER, B","Capital Equipment","Warmer Forced Air","1","1","0","EA","","OR Room / Core","Required: Yes"
"M-68200","TRANSURETHRAL RESECTION - FIGLER, B","Instrument / Tray","HBR GEN Metal Graduated Pitcher","1","1","0","TRAY","","Sterile Processing / Core","Required: Yes"
"M-68200","TRANSURETHRAL RESECTION - FIGLER, B","Instrument / Tray","HBR GEN Stryker 1788 AIM Camera Head","1","1","0","TRAY","","Sterile Processing / Core","Required: Yes"
"M-68200","TRANSURETHRAL RESECTION - FIGLER, B","Instrument / Tray","HBR URO Olympus Cystoscope 4mm 30 Degree","1","1","0","TRAY","","Sterile Processing / Core","Required: Yes"
"M-68200","TRANSURETHRAL RESECTION - FIGLER, B","Instrument / Tray","HBR URO Olympus Cystoscopy","1","0","0","TRAY","","Sterile Processing / Core","Required: No"
"M-68200","TRANSURETHRAL RESECTION - FIGLER, B","Instrument / Tray","PLEASE DO NOT OPEN UNLESS SURGEON ASKS FOR THIS TRAYHBR URO Saline Resection","1","1","0","TRAY","","Sterile Processing / Core","Required: Yes"
"M-68200","TRANSURETHRAL RESECTION - FIGLER, B","Instrument / Tray","HBR URO Urethral Sounds","1","0","0","TRAY","","Sterile Processing / Core","Required: No"
"M-68200","TRANSURETHRAL RESECTION - FIGLER, B","Instrument / Tray","HBR URO Walther Female Dilators","1","0","0","TRAY","","Sterile Processing / Core","Required: No"
"M-75053","UNLISTED UROLOGY PROCEDURE - FIGLER, B","Supply / Disposable",", 10884524000077Pad Ground Electrode Adl 30lb D-319853-026613 R-01420E7507","1","1","0","EA","","HBROR - A3C1-18013263Forcep Bipolar Cautery Bayonet Insulated20-1370IEA110HBROR - A3C1-41100642","Required"
"M-75053","UNLISTED UROLOGY PROCEDURE - FIGLER, B","Supply / Disposable",", 10884524000053Pencil Cautery Electrosurg W/Holster 50/CaE2516H","1","1","0","EA","","HBROR - A3C1-6050934","Required"
"M-75053","UNLISTED UROLOGY PROCEDURE - FIGLER, B","Supply / Disposable",", 20884527005557BOWL SOLUTION 16OZ POLY DISP ST LF 75/","1","1","0","CA","","HBROR - A3C4-2001407","Required"
"M-75053","UNLISTED UROLOGY PROCEDURE - FIGLER, B","Supply / Disposable","00","6","1","0","EA","","","Required"
"M-75053","UNLISTED UROLOGY PROCEDURE - FIGLER, B","Supply / Disposable",", 10885380027291GLOVE SURG SZ 7.5 CREAM SYNTHETIC LF PF PROTEXIS PI M2D73PM75","3","2","1","EA","","HBROR - A4C3-13051084","Required"
"M-75053","UNLISTED UROLOGY PROCEDURE - FIGLER, B","Supply / Disposable",", 10885380027406GLOVE SURG SZ 7.5 BLUE W/NEU-THERA LF PF ST PROTEXIS 2D73EB75","3","2","1","EA","","HBROR - A4C3-20051133","Required"
"M-75053","UNLISTED UROLOGY PROCEDURE - FIGLER, B","Supply / Disposable",", 10705031038752SUT VICRYL 2-0 SH NDL 27IN 36/BX O-050708J317H","1","1","0","EA","","HBROR - A4C5-33000783","Required"
"M-75053","UNLISTED UROLOGY PROCEDURE - FIGLER, B","Supply / Disposable",", 10705031060494Sut Pds Ii 2-0 Sh Ndl27in Z317 H 36pk/BxZ317H","1","0","1","EA","","HBROR - A4C5-4017486","Required"
"M-75053","UNLISTED UROLOGY PROCEDURE - FIGLER, B","Supply / Disposable",", 10705031039643Sut Vicryl 4-0 Sh Ndl 27in Undyed J415hJ415H","3","1","2","EA","","HBROR - A4C6-10004653","Required"
"M-75053","UNLISTED UROLOGY PROCEDURE - FIGLER, B","Supply / Disposable",", 10705031059375SUT MONOCRYL 4-0 PS2 18IN SUT UNDYED MONOFIL ABSORB 1Y496G","3","1","2","EA","","HBROR - A4C6-34000810","Required"
"M-75053","UNLISTED UROLOGY PROCEDURE - FIGLER, B","Supply / Disposable",", 10705031037441SUT CHROMIC 3-0 SH NDL 27IN G122H 36PK/BXG122H","1","0","1","EA","","HBROR - A4C6-39000572","Required"
"M-75053","UNLISTED UROLOGY PROCEDURE - FIGLER, B","Supply / Disposable",", 10884521104372Stapler Skin Appose 35 Wide 12/Bx 48/Ca D-027582-10108886803712","1","1","0","EA","","HBROR - A5C2-22051924","Required"
"M-75053","UNLISTED UROLOGY PROCEDURE - FIGLER, B","Supply / Disposable",", 00382903051960NDL HYPODERMIC 18 GA 1.5IN REG BEVEL PRECISIONGLIDE 305196","1","1","0","EA","","HBROR - A5C3-12000553","Required"
"M-75053","UNLISTED UROLOGY PROCEDURE - FIGLER, B","Supply / Disposable",", 00382903096534SYRINGE 50ML LL 40/BX 4BX/","2","0","2","CA","","HBROR - A5C3-3000610","Required"
"M-75053","UNLISTED UROLOGY PROCEDURE - FIGLER, B","Supply / Disposable","653","3","0","9","EA","","","Required"
"M-75053","UNLISTED UROLOGY PROCEDURE - FIGLER, B","Supply / Disposable",", 00382903096572Syringe L/L 3ml 200/Bx 4/Ca S-054152309657EANote: Used for papavarine110HBROR - A6C2-32051163, 10705031Adhesive Skin Dermabond Advanc D 12/Bx O 128446 N-389DNX12","1","1","0","EA","","HBROR - A5C3-7010941","Required"
"M-75053","UNLISTED UROLOGY PROCEDURE - FIGLER, B","Supply / Disposable","HBROR231253Marker Skin Ultra Fine Tip1436SR-10","2","0","3","EA","532101","","Required"
"M-75053","UNLISTED UROLOGY PROCEDURE - FIGLER, B","Supply / Disposable",", 00888937015362Retractor Ring Figure 8 Shaped Lone Star3304G","1","1","0","EA","","HBROR448590PACK MINOR UROLOGYDYNJT7137EA101HBROR003180","Required"
"M-75053","UNLISTED UROLOGY PROCEDURE - FIGLER, B","Supply / Disposable",", 00707387444433DRAPE POUCH IOBAN 26658","1","1","0","EA","","HBROR003415","Required"
"M-75053","UNLISTED UROLOGY PROCEDURE - FIGLER, B","Supply / Disposable",", 00653405002171Cord Bipolar 12ft Disp135166","1","1","0","EA","","HBROR010894","Required"
"M-75053","UNLISTED UROLOGY PROCEDURE - FIGLER, B","Supply / Disposable",", 00888937015638Stay Surgical Elastic Single H Ook 12mm Yellow3350-1G","4","0","4","EA","","HBROR014782","Required"
"M-75053","UNLISTED UROLOGY PROCEDURE - FIGLER, B","Supply / Disposable",", 10884521709874COVER WAND RF DETECTABLE ST01-0020","1","0","1","EA","","HBROR025178","Required"
"M-75053","UNLISTED UROLOGY PROCEDURE - FIGLER, B","Supply / Disposable",", 00848340000027DECANTER VIAL ASEPTIC TRANSFER ST10-106","1","0","1","EA","","HBROR029092","Required"
"M-75053","UNLISTED UROLOGY PROCEDURE - FIGLER, B","Supply / Disposable","/3 Towels127338A","1","1","0","EA","","HBROR032790Pack 4 Gown W","Required"
"M-75053","UNLISTED UROLOGY PROCEDURE - FIGLER, B","Supply / Disposable","/CA S-317945/444131 2F7114","0","0","0","EA","","HBROR032867Glove Dpc Latex Free Biogel GLVDPC1EA000HBROR032869Glove Dpc Duraprene Plus PfGLVDPC3EA000HBROR032870Glove Dpc Pi ProtexisGLVDPC4EA000HBROR032871Glove Dpc Ortho ProtexisGLVDPC5EA000HBROR032872Glove Dpc Blue ProtexisGLVDPC6EA000HBROR032873Glove Dpc Micro ProtexisGLVDPC7EA110HBROR051941SOLN IRRIG H2O ST 1000ML BTL 12","PRN / Inactive"
"M-75053","UNLISTED UROLOGY PROCEDURE - FIGLER, B","Supply / Disposable","Set Ext 7in High Press Non-Deh P One Link Ca/200 S-447N8301","1","1","0","EA","052378, 00085412475387","","Required"
"M-75053","UNLISTED UROLOGY PROCEDURE - FIGLER, B","Supply / Disposable",", 10080196723140Drape Surg 121x102x78in Lap TDYNJP3003","2","2","0","EA","","HBROR053921Chloraprep 26ml Orng St O-050864930815EA110HBROR218815","Required"
"M-75053","UNLISTED UROLOGY PROCEDURE - FIGLER, B","Supply / Disposable",", 10888277107465Tip Suction Yankau Std On OffOR164","1","1","0","EA","","HBROR266357","Required"
"M-75053","UNLISTED UROLOGY PROCEDURE - FIGLER, B","Supply / Disposable",", 30884527014921Dsg Xeroform 1x8in Foil 50/Bx 4bx/Ca R-0533988884433301","1","0","1","EA","","HBROR316117","Required"
"M-75053","UNLISTED UROLOGY PROCEDURE - FIGLER, B","Supply / Disposable",", 10080196692378Dressing Roll Sof-Form 2in 12/Bx R-002004NON25496","1","1","0","EA","","HBROR341740","Required"
"M-75053","UNLISTED UROLOGY PROCEDURE - FIGLER, B","Supply / Disposable",", DRAPE UTILITY TOWEL SURGICAL 50/CA R-DYNJP2408","2","2","0","PH","","HBROR443605","Required"
"M-75053","UNLISTED UROLOGY PROCEDURE - FIGLER, B","Drug / Medication","OR injection builder (0 mL)","1","0","1","EA","","Pharmacy","PRN"
"M-75053","UNLISTED UROLOGY PROCEDURE - FIGLER, B","Drug / Medication","bupivacaine (MARCAINE-PF) injection 0.25% (1 mL)","0","0","0","EA","","Pharmacy","PRN"
"M-75053","UNLISTED UROLOGY PROCEDURE - FIGLER, B","Drug / Medication","bupivacaine 0.25%-EPINEPHrine 1:200,000 (MARCAINE-PF w/EPI) injection (30 mL)","1","0","1","EA","","Pharmacy","PRN"
"M-75053","UNLISTED UROLOGY PROCEDURE - FIGLER, B","Drug / Medication","papaverine injection (60 mg)","1","1","0","EA","","Pharmacy","Open"
"M-75053","UNLISTED UROLOGY PROCEDURE - FIGLER, B","Drug / Medication","sodium chloride 0.9% (NS) infusion (500 mL)","1","0","1","EA","","Pharmacy","PRN"
"M-75053","UNLISTED UROLOGY PROCEDURE - FIGLER, B","Drug / Medication","Comments: HA - May use if neededsodium chloride 0.9% (NS) irrigation (1,000 mL)","0","0","0","EA","","Pharmacy","PRN"
"M-75053","UNLISTED UROLOGY PROCEDURE - FIGLER, B","Drug / Medication","sterile water for irrigation (1,000 mL)","0","0","0","EA","","Pharmacy","PRN"
"M-75053","UNLISTED UROLOGY PROCEDURE - FIGLER, B","Capital Equipment","Console RFID","1","1","0","EA","","OR Room / Core","Required: Yes"
"M-75053","UNLISTED UROLOGY PROCEDURE - FIGLER, B","Capital Equipment","ESU","1","1","0","EA","","OR Room / Core","Required: Yes"
"M-75053","UNLISTED UROLOGY PROCEDURE - FIGLER, B","Capital Equipment","Sequential Compression Device","1","1","0","EA","","OR Room / Core","Required: Yes"
"M-75053","UNLISTED UROLOGY PROCEDURE - FIGLER, B","Capital Equipment","Suction Neptune","1","1","0","EA","","OR Room / Core","Required: Yes"
"M-75053","UNLISTED UROLOGY PROCEDURE - FIGLER, B","Capital Equipment","Warmer Forced Air","1","1","0","EA","","OR Room / Core","Required: Yes"
"M-75053","UNLISTED UROLOGY PROCEDURE - FIGLER, B","Instrument / Tray","HBR URO Urology Minor","1","1","0","TRAY","","Sterile Processing / Core","Required: Yes"
"M-84079","URETHRAL DILATION/RUG - FIGLER, B","Supply / Disposable",", 00085412001067Set Irrigation Cysto W/Rollerc 12/Ca2C4041","1","1","0","EA","","HBROR - A3C3-25052012","Required"
"M-84079","URETHRAL DILATION/RUG - FIGLER, B","Supply / Disposable",", 10884521709874COVER WAND RF DETECTABLE ST01-0020","1","0","1","EA","","HBROR025178","Required"
"M-84079","URETHRAL DILATION/RUG - FIGLER, B","Supply / Disposable",", 00707387775162Blanket Upper Body R-00137442234","0","0","0","EA","","HBROR032867Glove Dpc Latex Free Biogel GLVDPC1EA000HBROR032869Glove Dpc Duraprene Plus PfGLVDPC3EA000HBROR032870Glove Dpc Pi ProtexisGLVDPC4EA000HBROR032871Glove Dpc Ortho ProtexisGLVDPC5EA000HBROR032872Glove Dpc Blue ProtexisGLVDPC6EA000HBROR032873Glove Dpc Micro ProtexisGLVDPC7EA110HBROR052795SLEEVE SCD KNEE LENGTH MED 21IN BLENDED EXPRESS KENDA9529BPR110HBROR224118","PRN / Inactive"
"M-84079","URETHRAL DILATION/RUG - FIGLER, B","Drug / Medication","OR injection builder (0 mL)","1","0","1","EA","","Pharmacy","PRN"
"M-84079","URETHRAL DILATION/RUG - FIGLER, B","Drug / Medication","sterile water for irrigation (3,000 mL)","2","1","1","EA","","Pharmacy","Open"
"M-84079","URETHRAL DILATION/RUG - FIGLER, B","Capital Equipment","Console RFID","1","1","0","EA","","OR Room / Core","Required: Yes"
"M-84079","URETHRAL DILATION/RUG - FIGLER, B","Capital Equipment","ESU","1","1","0","EA","","OR Room / Core","Required: Yes"
"M-84079","URETHRAL DILATION/RUG - FIGLER, B","Capital Equipment","Sequential Compression Device","1","1","0","EA","","OR Room / Core","Required: Yes"
"M-84079","URETHRAL DILATION/RUG - FIGLER, B","Capital Equipment","Suction Neptune","1","1","0","EA","","OR Room / Core","Required: Yes"
"M-84079","URETHRAL DILATION/RUG - FIGLER, B","Capital Equipment","Table Maquet AlphaMaxx","1","1","0","EA","","OR Room / Core","Required: Yes"
"M-84079","URETHRAL DILATION/RUG - FIGLER, B","Capital Equipment","Video Tower","1","1","0","EA","","OR Room / Core","Required: Yes"
"M-84079","URETHRAL DILATION/RUG - FIGLER, B","Capital Equipment","Warmer Forced Air","1","1","0","EA","","OR Room / Core","Required: Yes"
"M-84079","URETHRAL DILATION/RUG - FIGLER, B","Instrument / Tray","HBR GEN Stryker 1788 AIM Camera Head","1","1","0","TRAY","","Sterile Processing / Core","Required: Yes"
"M-84079","URETHRAL DILATION/RUG - FIGLER, B","Instrument / Tray","HBR URO Olympus HD Flexible Cystoscope","1","1","0","TRAY","","Sterile Processing / Core","Required: Yes"
"M-94335","VAGINAL DILATION - FIGLER, B","Supply / Disposable","/Pk127503","1","1","0","EA","","HBROR032402Towel Drape 5","Required"
"M-94335","VAGINAL DILATION - FIGLER, B","Supply / Disposable","/3 Towels127338A","1","1","0","EA","","HBROR032790Pack 4 Gown W","Required"
"M-94335","VAGINAL DILATION - FIGLER, B","Supply / Disposable",", 80080196288419Legging Lithotomy Convt R-002147DYNJP2461","1","1","0","EA","","HBROR220255","Required"
"M-94335","VAGINAL DILATION - FIGLER, B","Supply / Disposable",", 10885380142994Drape Lithotomy 35x44x102in Lf St Disp29455","1","1","0","EA","","HBROR357149","Required"
"M-94335","VAGINAL DILATION - FIGLER, B","Capital Equipment","Table OR Trumpf 7000","1","1","0","EA","","OR Room / Core","Required: Yes"
"M-94335","VAGINAL DILATION - FIGLER, B","Instrument / Tray","HBR GEN Stryker 1788 AIM Camera Head","1","1","0","TRAY","","Sterile Processing / Core","Required: Yes"
"M-94335","VAGINAL DILATION - FIGLER, B","Instrument / Tray","HBR GYN Weighted Speculums","1","1","0","TRAY","","Sterile Processing / Core","Required: Yes"
"M-94335","VAGINAL DILATION - FIGLER, B","Instrument / Tray","HBR URO Vaginoplasty","1","1","0","TRAY","","Sterile Processing / Core","Required: Yes"
"M-91325","VAGINOPLASTY STAGE II - FIGLER, B","Supply / Disposable",", 00888937015478Stay Surgical Elastic Single H Ook 5mm Blue3311-1GEANote: Lithotomy 101HBROR - A3C1-12050936, 10884521713291Blade Electrode 6.5 In 50/Ca O- 010890 D-004976E1551-6","8","0","8","EA","","HBROR - A1C3-27014783","Required"
"M-91325","VAGINOPLASTY STAGE II - FIGLER, B","Supply / Disposable",", 10884524000077Pad Ground Electrode Adl 30lb D-319853-026613 R-01420E7507","1","0","1","EA","","HBROR - A3C1-18013263Forcep Bipolar Cautery Bayonet Insulated20-1370IEA110HBROR - A3C1-41100642","Required"
"M-91325","VAGINOPLASTY STAGE II - FIGLER, B","Supply / Disposable",", 10884524000053Pencil Cautery Electrosurg W/Holster 50/CaE2516H","1","1","0","EA","","HBROR - A3C1-6050934","Required"
"M-91325","VAGINOPLASTY STAGE II - FIGLER, B","Supply / Disposable",", 10884521007994SYRINGE BULB IRRIGATION 1.5OZ D-100156,344730 N-3973067000","1","1","0","EA","","HBROR - A3C3-10000612","Required"
"M-91325","VAGINOPLASTY STAGE II - FIGLER, B","Supply / Disposable",", 00801741049569EVACUATOR SUCTION 100ML 10/BX D-2244810070740","1","1","0","EA","","HBROR - A3C3-15001712","Required"
"M-91325","VAGINOPLASTY STAGE II - FIGLER, B","Supply / Disposable",", 00085412001050Set Irrigation Cysto W/Cath 81In Ad Pr Clamp D-0108352C4040","1","1","0","EA","","HBROR - A3C3-24052011","Required"
"M-91325","VAGINOPLASTY STAGE II - FIGLER, B","Supply / Disposable",", 20884527005557BOWL SOLUTION 16OZ POLY DISP ST LF 75/","2","2","0","CA","","HBROR - A3C4-2001407","Required"
"M-91325","VAGINOPLASTY STAGE II - FIGLER, B","Supply / Disposable","00","6","1","0","EA","","","Required"
"M-91325","VAGINOPLASTY STAGE II - FIGLER, B","Supply / Disposable",", 10884521007819PLUG CATHETER DRAINAGE PROTECTOR CA/50 R-3446221600","1","0","1","EA","","HBROR - A3C5-8 001702","Required"
"M-91325","VAGINOPLASTY STAGE II - FIGLER, B","Supply / Disposable",", 10885380027291GLOVE SURG SZ 7.5 CREAM SYNTHETIC LF PF PROTEXIS PI M2D73PM75","2","1","1","EA","","HBROR - A4C3-13051084","Required"
"M-91325","VAGINOPLASTY STAGE II - FIGLER, B","Supply / Disposable",", 10885380027406GLOVE SURG SZ 7.5 BLUE W/NEU-THERA LF PF ST PROTEXIS 2D73EB75","2","1","1","EA","","HBROR - A4C3-20051133","Required"
"M-91325","VAGINOPLASTY STAGE II - FIGLER, B","Supply / Disposable",", 10705031039681Sut Vicryl 2-0 Sh Ndl 27in J417hJ417H","2","0","2","EA","","HBROR - A4C5-30011566","Required"
"M-91325","VAGINOPLASTY STAGE II - FIGLER, B","Supply / Disposable",", 10705031038752SUT VICRYL 2-0 SH NDL 27IN 36/BX O-050708J317H","8","0","8","EA","","HBROR - A4C5-33000783","Required"
"M-91325","VAGINOPLASTY STAGE II - FIGLER, B","Supply / Disposable",", 10705031039643Sut Vicryl 4-0 Sh Ndl 27in Undyed J415hJ415H","2","2","0","EA","","HBROR - A4C6-10004653","Required"
"M-91325","VAGINOPLASTY STAGE II - FIGLER, B","Supply / Disposable",", 10884521104372Stapler Skin Appose 35 Wide 12/Bx 48/Ca D-027582-10108886803712","2","2","0","EA","","HBROR - A5C2-22051924","Required"
"M-91325","VAGINOPLASTY STAGE II - FIGLER, B","Supply / Disposable",", 00382903029952Syringe 10ml Ll 5/Sr /Bx/200 400/Ca O-000599302995","2","2","0","EA","","HBROR - A5C3-10052913","Required"
"M-91325","VAGINOPLASTY STAGE II - FIGLER, B","Supply / Disposable",", 10885380107979Drape Cover Mayo Stand 30/Ca8337","1","0","1","EA","","HBROR - A5C5-8002056","Required"
"M-91325","VAGINOPLASTY STAGE II - FIGLER, B","Supply / Disposable",", 10885380118791Cover Back Table 65x908186","1","1","0","EA","","HBROR - A5C5-9018262","Required"
"M-91325","VAGINOPLASTY STAGE II - FIGLER, B","Supply / Disposable",", 00707387507350DRAPE STERI INCISE LG 60X45CM IOBAN 10EA/BX D-355296 6650EZEANote: If lithotomy case202HBROR - A6C1-11050697, 10884521700956Sponge Lap Rfd 18x18 Str 5/Pk 40pk/Ca S-INST-0631-118L1818-04P01C-1","1","0","1","PK","","HBROR - A5C6-20000415","Required"
"M-91325","VAGINOPLASTY STAGE II - FIGLER, B","Supply / Disposable","/100 O-00022603743","1","1","0","EA","","HBROR362918Panties Mesh Xl 45in-70in O-002041MSC86400EA110HBROR382986BLADE SURG NO 11 PREMIUM TECHNOCUT O-00022403741EA321HBROR382987Blade Surgical 15 Bx","Required"
"M-91325","VAGINOPLASTY STAGE II - FIGLER, B","Supply / Disposable",", 00653405002171Cord Bipolar 12ft Disp135166","1","0","1","EA","","HBROR010894","Required"
"M-91325","VAGINOPLASTY STAGE II - FIGLER, B","Supply / Disposable",", 00888937015638Stay Surgical Elastic Single H Ook 12mm Yellow3350-1GEANote: Lithotomy101HBROR025178, 10884521709874COVER WAND RF DETECTABLE ST01-0020","4","0","4","EA","","HBROR014782","Required"
"M-91325","VAGINOPLASTY STAGE II - FIGLER, B","Supply / Disposable",", 10885380182617Drain Blake 15fr W/TrocarJP-2229","2","2","0","EA","","HBROR029074","Required"
"M-91325","VAGINOPLASTY STAGE II - FIGLER, B","Supply / Disposable","/3 Towels127338A","1","1","0","EA","","HBROR032790Pack 4 Gown W","Required"
"M-91325","VAGINOPLASTY STAGE II - FIGLER, B","Supply / Disposable","/CA S-317945/444131 2F7114","1","1","0","EA","","HBROR051941SOLN IRRIG H2O ST 1000ML BTL 12","Required"
"M-91325","VAGINOPLASTY STAGE II - FIGLER, B","Supply / Disposable",", 10193489378023Set Marker Skin Utility W/Lab Els O-395055LBL0001291","1","1","0","EA","","HBROR052795SLEEVE SCD KNEE LENGTH MED 21IN BLENDED EXPRESS KENDA9529BPR220HBROR053921Chloraprep 26ml Orng St O-050864930815EA101HBROR054140","Required"
"M-91325","VAGINOPLASTY STAGE II - FIGLER, B","Supply / Disposable",", 20080196692955Sponge Super Prep 6x6.75 O-002328NON25854","2","2","0","EA","","HBROR054986","Required"
"M-91325","VAGINOPLASTY STAGE II - FIGLER, B","Supply / Disposable",", Electrode Stnls Stl Ndl 1.1in D-026608E1552","1","0","1","EA","","HBROR100014","Required"
"M-91325","VAGINOPLASTY STAGE II - FIGLER, B","Supply / Disposable","3321110HBROR224118, 00707387775162Blanket Upper Body R-00137442234","1","0","8","EA","8452171","","Required"
"M-91325","VAGINOPLASTY STAGE II - FIGLER, B","Supply / Disposable",", 07613327117189Pencil Smoke Evac Coated Pb O-3900030703-046-000","1","1","0","EA","","HBROR228488","Required"
"M-91325","VAGINOPLASTY STAGE II - FIGLER, B","Supply / Disposable",", 10195327017095PACK PROCEDURE LITHOTOMY CUSTOM STERILEDYNJ80236","1","1","0","EA","","HBROR239051","Required"
"M-91325","VAGINOPLASTY STAGE II - FIGLER, B","Supply / Disposable",", 10888277107465Tip Suction Yankau Std On OffOR164","1","1","0","EA","","HBROR266357","Required"
"M-91325","VAGINOPLASTY STAGE II - FIGLER, B","Supply / Disposable",", 00801741029509BAG DRAINAGE URINE 2000ML 48IN TUBE ANTI REFLUX CHAMB154002","1","0","1","EA","","HBROR315222","Required"
"M-91325","VAGINOPLASTY STAGE II - FIGLER, B","Supply / Disposable",", 10192253047868Drsg Gauze 5x9 St Xeroform R-0533978884433605","4","3","1","EA","","HBROR315421","Required"
"M-91325","VAGINOPLASTY STAGE II - FIGLER, B","Supply / Disposable",", 10885380142994Drape Lithotomy 35x44x102in Lf St Disp29455","1","0","1","EA","","HBROR357149","Required"
"M-91325","VAGINOPLASTY STAGE II - FIGLER, B","Supply / Disposable",", 00801741074141TRAY CATH FOLEY 16FR 5CC BALLOON DRAIN BAG PVC SURESTA947316","1","1","0","EA","","HBROR386430","Required"
"M-91325","VAGINOPLASTY STAGE II - FIGLER, B","Supply / Disposable",", 10080196291588Lube Jelly 2oz St Flip Top Tub E O-051123 R-395032 MDS032285","1","1","0","EA","","HBROR395053","Required"
"M-91325","VAGINOPLASTY STAGE II - FIGLER, B","Supply / Disposable",", 10080196845095DRESSING GAUZE ROLL 3.4INX3.6YD 6 PLY COTTON LF ST BUNON25861","2","2","0","EA","","HBROR422025","Required"
"M-91325","VAGINOPLASTY STAGE II - FIGLER, B","Supply / Disposable",", 80080196743512DRAPE UTILITY TOWEL SURGICAL 50/CA R-002412DYNJP2408","2","2","0","PH","","HBROR443605","Required"
"M-91325","VAGINOPLASTY STAGE II - FIGLER, B","Supply / Disposable","12HBROR445096, 10705031052093SUT VICRYL+ 5-0 RB-1 27IN BRAIDVCP303H","1","2","0","EA","","","Required"
"M-91325","VAGINOPLASTY STAGE II - FIGLER, B","Drug / Medication","OR injection builder (0 mL)","1","0","1","EA","","Pharmacy","PRN"
"M-91325","VAGINOPLASTY STAGE II - FIGLER, B","Drug / Medication","bacitracin ointment2 application.20bupivacaine (MARCAINE-PF) injection 0.25% (60 mL)","2","2","0","EA","","Pharmacy","Open"
"M-91325","VAGINOPLASTY STAGE II - FIGLER, B","Drug / Medication","sterile water for irrigation (1,000 mL)","1","1","0","EA","","Pharmacy","Open"
"M-91325","VAGINOPLASTY STAGE II - FIGLER, B","Drug / Medication","thrombin-fibrinogen-aprotin-Ca (ARTISS) 10 mL topical syringe (10 mL)","1","0","1","EA","","Pharmacy","PRN"
"M-91325","VAGINOPLASTY STAGE II - FIGLER, B","Capital Equipment","Console RFID","1","1","0","EA","","OR Room / Core","Required: Yes"
"M-91325","VAGINOPLASTY STAGE II - FIGLER, B","Capital Equipment","ESU","2","2","0","EA","","OR Room / Core","Required: Yes"
"M-91325","VAGINOPLASTY STAGE II - FIGLER, B","Capital Equipment","2 needed for vaginoplasty casesSequential Compression Device","1","1","0","EA","","OR Room / Core","Required: Yes"
"M-91325","VAGINOPLASTY STAGE II - FIGLER, B","Capital Equipment","Stand Mayo","2","2","0","EA","","OR Room / Core","Required: Yes"
"M-91325","VAGINOPLASTY STAGE II - FIGLER, B","Capital Equipment","Suction Neptune","1","1","0","EA","","OR Room / Core","Required: Yes"
"M-91325","VAGINOPLASTY STAGE II - FIGLER, B","Capital Equipment","Table Back Large","2","2","0","EA","","OR Room / Core","Required: Yes"
"M-91325","VAGINOPLASTY STAGE II - FIGLER, B","Capital Equipment","Table OR Skytron","1","1","0","EA","","OR Room / Core","Required: Yes"
"M-91325","VAGINOPLASTY STAGE II - FIGLER, B","Capital Equipment","Video Tower","1","1","0","EA","","OR Room / Core","Required: Yes"
"M-91325","VAGINOPLASTY STAGE II - FIGLER, B","Capital Equipment","Warmer Forced Air","1","1","0","EA","","OR Room / Core","Required: Yes"
"M-91325","VAGINOPLASTY STAGE II - FIGLER, B","Instrument / Tray","HBR GEN Stryker 1788 AIM Camera Head","1","1","0","TRAY","","Sterile Processing / Core","Required: Yes"
"M-91325","VAGINOPLASTY STAGE II - FIGLER, B","Instrument / Tray","HBR GYN Miyazaki Lighted Retractor","1","1","0","TRAY","","Sterile Processing / Core","Required: Yes"
"M-91325","VAGINOPLASTY STAGE II - FIGLER, B","Instrument / Tray","H/AHBR URO Perineal Bookwalter A","1","1","0","TRAY","","Sterile Processing / Core","Required: Yes"
"M-91325","VAGINOPLASTY STAGE II - FIGLER, B","Instrument / Tray","HBR URO Perineal Bookwalter B","1","1","0","TRAY","","Sterile Processing / Core","Required: Yes"
"M-91325","VAGINOPLASTY STAGE II - FIGLER, B","Instrument / Tray","HBR URO Recon","1","1","0","TRAY","","Sterile Processing / Core","Required: Yes"
"M-91325","VAGINOPLASTY STAGE II - FIGLER, B","Instrument / Tray","t OpenHBR URO Urology Minor","1","1","0","TRAY","","Sterile Processing / Core","Required: Yes"
"M-91325","VAGINOPLASTY STAGE II - FIGLER, B","Instrument / Tray","HBR URO Vaginoplasty","1","1","0","TRAY","","Sterile Processing / Core","Required: Yes"
"M-83968","VAGINOPLASTY/VULVOPLASTY - FIGLER, B","Supply / Disposable",", 00888937015478Stay Surgical Elastic Single H Ook 5mm Blue3311-1GEANote: Lithotomy 110HBROR - A3C1-18013263Forcep Bipolar Cautery Bayonet Insulated20-1370I","8","8","0","EA","","HBROR - A1C3-27014783","Required"
"M-83968","VAGINOPLASTY/VULVOPLASTY - FIGLER, B","Supply / Disposable",", 10884524000077Pad Ground Electrode Adl 30lb D-319853-026613 R-01420E7507","1","1","0","EA","","HBROR - A3C1-41100642","Required"
"M-83968","VAGINOPLASTY/VULVOPLASTY - FIGLER, B","Supply / Disposable",", 10884524000053Pencil Cautery Electrosurg W/Holster 50/CaE2516H","1","1","0","EA","","HBROR - A3C1-6050934","Required"
"M-83968","VAGINOPLASTY/VULVOPLASTY - FIGLER, B","Supply / Disposable",", 10885380072437Tubing Suction Noncond 20ft St Maxi-Grip 20/CaCFN620A","2","2","0","EA","","HBROR - A3C3-4001943","Required"
"M-83968","VAGINOPLASTY/VULVOPLASTY - FIGLER, B","Supply / Disposable",", 20884527005557BOWL SOLUTION 16OZ POLY DISP ST LF 75/","2","2","0","CA","","HBROR - A3C4-2001407","Required"
"M-83968","VAGINOPLASTY/VULVOPLASTY - FIGLER, B","Supply / Disposable","00","6","1","0","EA","","","Required"
"M-83968","VAGINOPLASTY/VULVOPLASTY - FIGLER, B","Supply / Disposable",", 10884521007819PLUG CATHETER DRAINAGE PROTECTOR CA/50 R-3446221600","1","1","0","EA","","HBROR - A3C5-8 001702","Required"
"M-83968","VAGINOPLASTY/VULVOPLASTY - FIGLER, B","Supply / Disposable",", 10885380027291GLOVE SURG SZ 7.5 CREAM SYNTHETIC LF PF PROTEXIS PI M2D73PM75","4","2","2","EA","","HBROR - A4C3-13051084","Required"
"M-83968","VAGINOPLASTY/VULVOPLASTY - FIGLER, B","Supply / Disposable",", 10885380027390GLOVE SURG SZ 7 BLUE W/NEU-THERA LF PF ST PROTEXIS PI 2D73EB70","1","1","0","EA","","HBROR - A4C3-19051132","Required"
"M-83968","VAGINOPLASTY/VULVOPLASTY - FIGLER, B","Supply / Disposable",", 10885380027406GLOVE SURG SZ 7.5 BLUE W/NEU-THERA LF PF ST PROTEXIS 2D73EB75","2","1","1","EA","","HBROR - A4C3-20051133","Required"
"M-83968","VAGINOPLASTY/VULVOPLASTY - FIGLER, B","Supply / Disposable",", 10885380031939GLOVE SURG SZ 6.5 CREAM SYNTHETIC LF PF ST PROTEXIS P2D72PT65X","1","1","0","EA","","HBROR - A4C3-3051090","Required"
"M-83968","VAGINOPLASTY/VULVOPLASTY - FIGLER, B","Supply / Disposable",", 10884521104372Stapler Skin Appose 35 Wide 12/Bx 48/Ca D-027582-10108886803712","2","2","0","EA","","HBROR - A5C2-22051924","Required"
"M-83968","VAGINOPLASTY/VULVOPLASTY - FIGLER, B","Supply / Disposable",", 00382903028306Syringe 20ml Ll 48/Bx Ca/192 N-396178302830","1","1","0","EA","","HBROR - A5C3-1051860","Required"
"M-83968","VAGINOPLASTY/VULVOPLASTY - FIGLER, B","Supply / Disposable",", 00382903051960NDL HYPODERMIC 18 GA 1.5IN REG BEVEL PRECISIONGLIDE 305196","1","1","0","EA","","HBROR - A5C3-12000553","Required"
"M-83968","VAGINOPLASTY/VULVOPLASTY - FIGLER, B","Supply / Disposable",", 10885380107979Drape Cover Mayo Stand 30/Ca8337","1","1","0","EA","","HBROR - A5C5-8002056","Required"
"M-83968","VAGINOPLASTY/VULVOPLASTY - FIGLER, B","Supply / Disposable",", 10884521700956Sponge Lap Rfd 18x18 Str 5/Pk 40pk/Ca S-INST-0631-118L1818-04P01C-1","2","2","0","PK","","HBROR - A6C1-11050697","Required"
"M-83968","VAGINOPLASTY/VULVOPLASTY - FIGLER, B","Supply / Disposable",", 00707387807832Dsg Tegaderm Frame 20x30cm 10p K/Bx D-3143671629","1","1","0","EA","","HBROR - A6C2-15002169","Required"
"M-83968","VAGINOPLASTY/VULVOPLASTY - FIGLER, B","Supply / Disposable","/Ca D- 121566M8275053/10.S","1","1","0","EA","","HBROR - A6C2-2050222Drsg Wound Vac Foam Lg Black 10","Required"
"M-83968","VAGINOPLASTY/VULVOPLASTY - FIGLER, B","Supply / Disposable",", 00653405002171Cord Bipolar 12ft Disp135166","1","0","1","EA","","HBROR362918Panties Mesh Xl 45in-70in O-002041MSC86400EA110HBROR448590PACK MINOR UROLOGYDYNJT7137EA110HBROR010894","Required"
"M-83968","VAGINOPLASTY/VULVOPLASTY - FIGLER, B","Supply / Disposable","/3 Towels127338A","1","1","0","EA","","HBROR032790Pack 4 Gown W","Required"
"M-83968","VAGINOPLASTY/VULVOPLASTY - FIGLER, B","Supply / Disposable","/CA S-317945/444131 2F7114","2","2","0","EA","","HBROR051941SOLN IRRIG H2O ST 1000ML BTL 12","Required"
"M-83968","VAGINOPLASTY/VULVOPLASTY - FIGLER, B","Supply / Disposable",", 10193489378023Set Marker Skin Utility W/Lab Els O-395055LBL0001291","1","1","0","EA","","HBROR052795SLEEVE SCD KNEE LENGTH MED 21IN BLENDED EXPRESS KENDA9529BPR110HBROR053921Chloraprep 26ml Orng St O-050864930815EA101HBROR054140","Required"
"M-83968","VAGINOPLASTY/VULVOPLASTY - FIGLER, B","Supply / Disposable",", 10884521713321Electrode Stnls Stl Ndl 1.1in D-026608E1552","1","1","0","EA","","HBROR100014","Required"
"M-83968","VAGINOPLASTY/VULVOPLASTY - FIGLER, B","Supply / Disposable",", 00801741029752Cath Foley Silc 16fr 5ml 12/Ca N-001480165816","2","1","1","EA","","HBROR101539","Required"
"M-83968","VAGINOPLASTY/VULVOPLASTY - FIGLER, B","Supply / Disposable",", 00842351190005System Wound Irrigation 450ml Debridement Irrisept ISEPT-450-USA","1","0","1","EA","","HBROR135718","Required"
"M-83968","VAGINOPLASTY/VULVOPLASTY - FIGLER, B","Supply / Disposable",", 80080196288419Legging Lithotomy Convt R-002147DYNJP2461","1","1","0","EA","","HBROR220255","Required"
"M-83968","VAGINOPLASTY/VULVOPLASTY - FIGLER, B","Supply / Disposable",", 00707387775162Blanket Upper Body R-00137442234","1","1","0","EA","","HBROR224118","Required"
"M-83968","VAGINOPLASTY/VULVOPLASTY - FIGLER, B","Supply / Disposable",", 10888277107465Tip Suction Yankau Std On OffOR164","1","1","0","EA","","HBROR266357","Required"
"M-83968","VAGINOPLASTY/VULVOPLASTY - FIGLER, B","Supply / Disposable",", 00801741029509BAG DRAINAGE URINE 2000ML 48IN TUBE ANTI REFLUX CHAMB154002","1","0","1","EA","","HBROR315222","Required"
"M-83968","VAGINOPLASTY/VULVOPLASTY - FIGLER, B","Supply / Disposable",", 10885380142994Drape Lithotomy 35x44x102in Lf St Disp29455","1","0","1","EA","","HBROR357149","Required"
"M-83968","VAGINOPLASTY/VULVOPLASTY - FIGLER, B","Supply / Disposable",", 10884521741096Dissector Ligasure Exact 40 D EgLF2019","1","1","0","EA","","HBROR390180","Required"
"M-83968","VAGINOPLASTY/VULVOPLASTY - FIGLER, B","Supply / Disposable",", 10080196291588Lube Jelly 2oz St Flip Top Tub E O-051123 R-395032 MDS032285","1","1","0","EA","","HBROR395053","Required"
"M-83968","VAGINOPLASTY/VULVOPLASTY - FIGLER, B","Supply / Disposable",", 10080196845095DRESSING GAUZE ROLL 3.4INX3.6YD 6 PLY COTTON LF ST BUNON25861","6","6","0","EA","","HBROR422025","Required"
"M-83968","VAGINOPLASTY/VULVOPLASTY - FIGLER, B","Drug / Medication","EPINEPHrine (PEDIATRIC) 30 mg/1000 mL (30 mcg/mL) in NS topical solution0. (03 mL)","1","1","0","EA","","Pharmacy","Open"
"M-83968","VAGINOPLASTY/VULVOPLASTY - FIGLER, B","Drug / Medication","OR injection builder (0 mL)","1","0","1","EA","","Pharmacy","PRN"
"M-83968","VAGINOPLASTY/VULVOPLASTY - FIGLER, B","Drug / Medication","bacitracin ointment (1 Application)","3","3","0","EA","","Pharmacy","Open"
"M-83968","VAGINOPLASTY/VULVOPLASTY - FIGLER, B","Drug / Medication","bupivacaine 0.25%-EPINEPHrine 1:200,000 (MARCAINE-PF w/EPI) injection (0 mL)","2","0","2","EA","","Pharmacy","PRN"
"M-83968","VAGINOPLASTY/VULVOPLASTY - FIGLER, B","Drug / Medication","sodium chloride 0.9% (NS) irrigation (1 mL)","1","1","0","EA","","Pharmacy","Open"
"M-83968","VAGINOPLASTY/VULVOPLASTY - FIGLER, B","Drug / Medication","sterile water for irrigation (1,000 mL)","2","2","0","EA","","Pharmacy","Open"
"M-83968","VAGINOPLASTY/VULVOPLASTY - FIGLER, B","Drug / Medication","thrombin-fibrinogen-aprotin-Ca (ARTISS) 10 mL topical syringe (10 mL)","1","0","1","EA","","Pharmacy","PRN"
"M-83968","VAGINOPLASTY/VULVOPLASTY - FIGLER, B","Capital Equipment","Console RFID","1","1","0","EA","","OR Room / Core","Required: Yes"
"M-83968","VAGINOPLASTY/VULVOPLASTY - FIGLER, B","Capital Equipment","ESU","2","2","0","EA","","OR Room / Core","Required: Yes"
"M-83968","VAGINOPLASTY/VULVOPLASTY - FIGLER, B","Capital Equipment","2 needed for vaginoplasty casesGenerator Ligasure","1","1","0","EA","","OR Room / Core","Required: Yes"
"M-83968","VAGINOPLASTY/VULVOPLASTY - FIGLER, B","Capital Equipment","Sequential Compression Device","1","1","0","EA","","OR Room / Core","Required: Yes"
"M-83968","VAGINOPLASTY/VULVOPLASTY - FIGLER, B","Capital Equipment","Stand Mayo","2","2","0","EA","","OR Room / Core","Required: Yes"
"M-83968","VAGINOPLASTY/VULVOPLASTY - FIGLER, B","Capital Equipment","Suction Neptune","1","1","0","EA","","OR Room / Core","Required: Yes"
"M-83968","VAGINOPLASTY/VULVOPLASTY - FIGLER, B","Capital Equipment","Table Back Large","2","2","0","EA","","OR Room / Core","Required: Yes"
"M-83968","VAGINOPLASTY/VULVOPLASTY - FIGLER, B","Capital Equipment","Table OR Trumpf 7000","1","1","0","EA","","OR Room / Core","Required: Yes"
"M-83968","VAGINOPLASTY/VULVOPLASTY - FIGLER, B","Capital Equipment","Warmer Forced Air","1","1","0","EA","","OR Room / Core","Required: Yes"
"M-83968","VAGINOPLASTY/VULVOPLASTY - FIGLER, B","Instrument / Tray","HBR URO Perineal Bookwalter A","1","1","0","TRAY","","Sterile Processing / Core","Required: Yes"
"M-83968","VAGINOPLASTY/VULVOPLASTY - FIGLER, B","Instrument / Tray","HBR URO Perineal Bookwalter B","1","1","0","TRAY","","Sterile Processing / Core","Required: Yes"
"M-83968","VAGINOPLASTY/VULVOPLASTY - FIGLER, B","Instrument / Tray","HBR URO Urology Minor","1","1","0","TRAY","","Sterile Processing / Core","Required: Yes"
"M-83968","VAGINOPLASTY/VULVOPLASTY - FIGLER, B","Instrument / Tray","HBR URO Vaginoplasty","1","1","0","TRAY","","Sterile Processing / Core","Required: Yes"
"M-69077","VASECTOMY  - FIGLER, B","Supply / Disposable",", 10884524000077Pad Ground Electrode Adl 30lb D-319853-026613 R-01420E7507","1","1","0","EA","","HBROR - A3C1-41100642","Required"
"M-69077","VASECTOMY  - FIGLER, B","Supply / Disposable",", 10884524000053Pencil Cautery Electrosurg W/Holster 50/CaE2516H","1","1","0","EA","","HBROR - A3C1-6050934","Required"
"M-69077","VASECTOMY  - FIGLER, B","Supply / Disposable",", 10705031037441SUT CHROMIC 3-0 SH NDL 27IN G122H 36PK/BXG122H","1","1","0","EA","","HBROR - A4C6-39000572","Required"
"M-69077","VASECTOMY  - FIGLER, B","Supply / Disposable",", 10884521709874COVER WAND RF DETECTABLE ST01-0020","2","2","0","EA","","HBROR382985Blade Surgical 10 O-00022303740EA110HBROR448590PACK MINOR UROLOGYDYNJT7137EA101HBROR025178","Required"
"M-69077","VASECTOMY  - FIGLER, B","Supply / Disposable","/3 Towels127338A","1","1","0","EA","","HBROR032790Pack 4 Gown W","Required"
"M-69077","VASECTOMY  - FIGLER, B","Supply / Disposable","/CA S-317945/444131 2F7114","0","0","0","EA","","HBROR032867Glove Dpc Latex Free Biogel GLVDPC1EA000HBROR032869Glove Dpc Duraprene Plus PfGLVDPC3EA000HBROR032870Glove Dpc Pi ProtexisGLVDPC4EA000HBROR032871Glove Dpc Ortho ProtexisGLVDPC5EA000HBROR032872Glove Dpc Blue ProtexisGLVDPC6EA000HBROR032873Glove Dpc Micro ProtexisGLVDPC7EA110HBROR051941SOLN IRRIG H2O ST 1000ML BTL 12","PRN / Inactive"
"M-69077","VASECTOMY  - FIGLER, B","Supply / Disposable",", 20080196692955Sponge Super Prep 6x6.75 O-002328NON25854","1","1","0","EA","","HBROR052795SLEEVE SCD KNEE LENGTH MED 21IN BLENDED EXPRESS KENDA9529BPR110HBROR054986","Required"
"M-69077","VASECTOMY  - FIGLER, B","Supply / Disposable",", 10885380150081Cont Specimen Sterile 120ml O-000267C13901","1","1","0","EA","","HBROR055066","Required"
"M-69077","VASECTOMY  - FIGLER, B","Supply / Disposable",", 10080196723140Drape Surg 121x102x78in Lap TDYNJP3003","1","1","0","EA","","HBROR218815","Required"
"M-69077","VASECTOMY  - FIGLER, B","Supply / Disposable",", 00707387775162Blanket Upper Body R-00137442234","1","1","0","EA","","HBROR224118","Required"
"M-69077","VASECTOMY  - FIGLER, B","Supply / Disposable",", 10888277107465Tip Suction Yankau Std On OffOR164","1","1","0","EA","","HBROR266357","Required"
"M-69077","VASECTOMY  - FIGLER, B","Supply / Disposable",", 00197344103662SUPPORT SCROTAL LARGE ATHLETIC ADJUSTABLE WAISTBAND RORT2240L","1","0","1","EA","","HBROR449327","Required"
"M-69077","VASECTOMY  - FIGLER, B","Supply / Disposable",", 10607151056381NEEDLE ENT/IMA STANDARD STERILE 25/BXES38","1","1","0","EA","","HBROR449442","Required"
"M-69077","VASECTOMY  - FIGLER, B","Capital Equipment","Console RFID","1","1","0","EA","","OR Room / Core","Required: Yes"
"M-69077","VASECTOMY  - FIGLER, B","Capital Equipment","ESU","1","1","0","EA","","OR Room / Core","Required: Yes"
"M-69077","VASECTOMY  - FIGLER, B","Capital Equipment","Laser CO2 SSI","1","1","0","EA","","OR Room / Core","Required: Yes"
"M-69077","VASECTOMY  - FIGLER, B","Capital Equipment","Sequential Compression Device","1","1","0","EA","","OR Room / Core","Required: Yes"
"M-69077","VASECTOMY  - FIGLER, B","Capital Equipment","Suction Neptune","1","1","0","EA","","OR Room / Core","Required: Yes"
"M-69077","VASECTOMY  - FIGLER, B","Capital Equipment","Warmer Forced Air","1","1","0","EA","","OR Room / Core","Required: Yes"
"M-69077","VASECTOMY  - FIGLER, B","Instrument / Tray","HBR URO Urology Minor","1","0","0","TRAY","","Sterile Processing / Core","Required: No"
"M-75975","VESICOSTOMY (CYSTOSTOMY) CLOSURE/CREATION - FIGLER, B","Supply / Disposable",", 00085412001050Set Irrigation Cysto W/Cath 81In Ad Pr Clamp D-0108352C4040","1","1","0","EA","","HBROR - A3C3-24052011","Required"
"M-75975","VESICOSTOMY (CYSTOSTOMY) CLOSURE/CREATION - FIGLER, B","Supply / Disposable",", 00382903051960NDL HYPODERMIC 18 GA 1.5IN REG BEVEL PRECISIONGLIDE 305196","1","1","0","EA","","HBROR - A5C3-12000553","Required"
"M-75975","VESICOSTOMY (CYSTOSTOMY) CLOSURE/CREATION - FIGLER, B","Supply / Disposable",", 00382903096534SYRINGE 50ML LL 40/BX 4BX/","3","3","0","CA","","HBROR - A5C3-3000610","Required"
"M-75975","VESICOSTOMY (CYSTOSTOMY) CLOSURE/CREATION - FIGLER, B","Supply / Disposable","653EANote: Uses 1 for local and two to inflate bladder110HBROR013785, 00707387469856Pouch With Ioban 2 Incise Film Xlg6659","3","0","9","EA","","","Required"
"M-75975","VESICOSTOMY (CYSTOSTOMY) CLOSURE/CREATION - FIGLER, B","Supply / Disposable",", 10884521709874COVER WAND RF DETECTABLE ST01-0020","1","0","1","EA","","HBROR025178","Required"
"M-75975","VESICOSTOMY (CYSTOSTOMY) CLOSURE/CREATION - FIGLER, B","Supply / Disposable","/CA S-317946/3719792F7113","0","0","0","EA","","HBROR032867Glove Dpc Latex Free Biogel GLVDPC1EA000HBROR032869Glove Dpc Duraprene Plus PfGLVDPC3EA000HBROR032870Glove Dpc Pi ProtexisGLVDPC4EA000HBROR032871Glove Dpc Ortho ProtexisGLVDPC5EA000HBROR032872Glove Dpc Blue ProtexisGLVDPC6EA000HBROR032873Glove Dpc Micro ProtexisGLVDPC7EA110HBROR051943SOLN IRRIG H2O ST 500ML BTL 18","PRN / Inactive"
"M-75975","VESICOSTOMY (CYSTOSTOMY) CLOSURE/CREATION - FIGLER, B","Supply / Disposable",", 00801741029813Cath Foley Silicone 18fr 30ml2 Way N-001483166818","1","1","0","EA","","HBROR052795SLEEVE SCD KNEE LENGTH MED 21IN BLENDED EXPRESS KENDA9529BPR101HBROR105481","Required"
"M-75975","VESICOSTOMY (CYSTOSTOMY) CLOSURE/CREATION - FIGLER, B","Supply / Disposable",", 00810019800344Pack Gown Lp Xlg W/Towel D-003997-385507614000","1","1","0","EA","","HBROR125010","Required"
"M-75975","VESICOSTOMY (CYSTOSTOMY) CLOSURE/CREATION - FIGLER, B","Supply / Disposable",", 10080196723140Drape Surg 121x102x78in Lap TDYNJP3003","1","1","0","EA","","HBROR218815","Required"
"M-75975","VESICOSTOMY (CYSTOSTOMY) CLOSURE/CREATION - FIGLER, B","Supply / Disposable",", 00707387775162Blanket Upper Body R-00137442234","1","1","0","EA","","HBROR224118","Required"
"M-75975","VESICOSTOMY (CYSTOSTOMY) CLOSURE/CREATION - FIGLER, B","Supply / Disposable",", 00827002159440Cath Ureteral Open End 5frx70c MG15944","1","0","1","EA","","HBROR300995","Required"
"M-75975","VESICOSTOMY (CYSTOSTOMY) CLOSURE/CREATION - FIGLER, B","Supply / Disposable",", 00801741029509BAG DRAINAGE URINE 2000ML 48IN TUBE ANTI REFLUX CHAMB154002","1","0","1","EA","","HBROR315222","Required"
"M-75975","VESICOSTOMY (CYSTOSTOMY) CLOSURE/CREATION - FIGLER, B","Supply / Disposable",", 00801741074110Tray Cath 16fr 350ml Urine Met Er Surestep O-386430 A942216","1","1","0","EA","","HBROR391921","Required"
"M-75975","VESICOSTOMY (CYSTOSTOMY) CLOSURE/CREATION - FIGLER, B","Supply / Disposable",", Lube Jelly 2oz St Flip Top Tub E O-051123 R-MDS032285","1","1","0","EA","","HBROR395053","Required"
"M-75975","VESICOSTOMY (CYSTOSTOMY) CLOSURE/CREATION - FIGLER, B","Drug / Medication","OR injection builder (0 mL)","1","0","1","EA","","Pharmacy","PRN"
"M-75975","VESICOSTOMY (CYSTOSTOMY) CLOSURE/CREATION - FIGLER, B","Drug / Medication","bupivacaine 0.25%-EPINEPHrine 1:200,000 (MARCAINE-PF w/EPI) injection (30 mL)","1","0","1","EA","","Pharmacy","PRN"
"M-75975","VESICOSTOMY (CYSTOSTOMY) CLOSURE/CREATION - FIGLER, B","Drug / Medication","sterile water for irrigation (3,000 mL)","1","1","0","EA","","Pharmacy","Open"
"M-75975","VESICOSTOMY (CYSTOSTOMY) CLOSURE/CREATION - FIGLER, B","Drug / Medication","Comments: Cysto irrigationsterile water for irrigation (1,000 mL)","2","1","1","EA","","Pharmacy","Open"
"M-75975","VESICOSTOMY (CYSTOSTOMY) CLOSURE/CREATION - FIGLER, B","Capital Equipment","Console RFID","1","1","0","EA","","OR Room / Core","Required: Yes"
"M-75975","VESICOSTOMY (CYSTOSTOMY) CLOSURE/CREATION - FIGLER, B","Capital Equipment","Sequential Compression Device","1","1","0","EA","","OR Room / Core","Required: Yes"
"M-75975","VESICOSTOMY (CYSTOSTOMY) CLOSURE/CREATION - FIGLER, B","Capital Equipment","Suction Neptune","1","1","0","EA","","OR Room / Core","Required: Yes"
"M-75975","VESICOSTOMY (CYSTOSTOMY) CLOSURE/CREATION - FIGLER, B","Capital Equipment","Video Tower","1","1","0","EA","","OR Room / Core","Required: Yes"
"M-75975","VESICOSTOMY (CYSTOSTOMY) CLOSURE/CREATION - FIGLER, B","Capital Equipment","Warmer Forced Air","1","1","0","EA","","OR Room / Core","Required: Yes"
"M-75975","VESICOSTOMY (CYSTOSTOMY) CLOSURE/CREATION - FIGLER, B","Instrument / Tray","HBR GEN Stryker 1788 AIM Camera Head","1","1","0","TRAY","","Sterile Processing / Core","Required: Yes"
"M-75975","VESICOSTOMY (CYSTOSTOMY) CLOSURE/CREATION - FIGLER, B","Instrument / Tray","HBR URO Olympus HD Flexible Ureteroscope","1","1","0","TRAY","","Sterile Processing / Core","Required: Yes"
"M-75975","VESICOSTOMY (CYSTOSTOMY) CLOSURE/CREATION - FIGLER, B","Instrument / Tray","HBR URO Urology Minor","1","1","0","TRAY","","Sterile Processing / Core","Required: Yes"
"M-70802","VULVA, PERINEUM, AND INTROITUS  - FIGLER, B","Supply / Disposable",", 00888937015478Stay Surgical Elastic Single H Ook 5mm Blue3311-1G","5","0","5","EA","","HBROR - A1C3-27014783","Required"
"M-70802","VULVA, PERINEUM, AND INTROITUS  - FIGLER, B","Supply / Disposable",", 10884524000077Pad Ground Electrode Adl 30lb D-319853-026613 R-01420E7507","1","1","0","EA","","HBROR - A3C1-41100642","Required"
"M-70802","VULVA, PERINEUM, AND INTROITUS  - FIGLER, B","Supply / Disposable",", 10884524000053Pencil Cautery Electrosurg W/Holster 50/CaE2516H","1","1","0","EA","","HBROR - A3C1-6050934","Required"
"M-70802","VULVA, PERINEUM, AND INTROITUS  - FIGLER, B","Supply / Disposable","/8in X 10ft901015-000","1","0","1","EA","","HBROR - A3C3-3010437Tubing Surgimedic Smoke Evacua Tion 7","Required"
"M-70802","VULVA, PERINEUM, AND INTROITUS  - FIGLER, B","Supply / Disposable",", 00888937015362Retractor Ring Figure 8 Shaped Lone Star3304G","1","0","1","EA","","HBROR362918Panties Mesh Xl 45in-70in O-002041MSC86400EA101HBROR003180","Required"
"M-70802","VULVA, PERINEUM, AND INTROITUS  - FIGLER, B","Supply / Disposable",", 10884521709874COVER WAND RF DETECTABLE ST01-0020","1","0","1","EA","","HBROR025178","Required"
"M-70802","VULVA, PERINEUM, AND INTROITUS  - FIGLER, B","Supply / Disposable","/3 Towels127338A","1","1","0","EA","","HBROR032790Pack 4 Gown W","Required"
"M-70802","VULVA, PERINEUM, AND INTROITUS  - FIGLER, B","Supply / Disposable","/CA S-317945/444131 2F7114","0","0","0","EA","","HBROR032867Glove Dpc Latex Free Biogel GLVDPC1EA000HBROR032869Glove Dpc Duraprene Plus PfGLVDPC3EA000HBROR032870Glove Dpc Pi ProtexisGLVDPC4EA000HBROR032871Glove Dpc Ortho ProtexisGLVDPC5EA000HBROR032872Glove Dpc Blue ProtexisGLVDPC6EA000HBROR032873Glove Dpc Micro ProtexisGLVDPC7EA110HBROR051941SOLN IRRIG H2O ST 1000ML BTL 12","PRN / Inactive"
"M-70802","VULVA, PERINEUM, AND INTROITUS  - FIGLER, B","Supply / Disposable",", 10195327017095PACK PROCEDURE LITHOTOMY CUSTOM STERILEDYNJ80236","1","1","0","EA","","HBROR239051","Required"
"M-70802","VULVA, PERINEUM, AND INTROITUS  - FIGLER, B","Supply / Disposable",", 10888277107465Tip Suction Yankau Std On OffOR164","1","1","0","EA","","HBROR266357","Required"
"M-70802","VULVA, PERINEUM, AND INTROITUS  - FIGLER, B","Supply / Disposable",", 00885380030171Tube Yank Suct Flex Reg Tip Medi-Vac 50/CaK61","1","1","0","EA","","HBROR355220","Required"
"M-70802","VULVA, PERINEUM, AND INTROITUS  - FIGLER, B","Drug / Medication","OR injection builder (0 mL)","1","0","1","EA","","Pharmacy","PRN"
"M-70802","VULVA, PERINEUM, AND INTROITUS  - FIGLER, B","Drug / Medication","bupivacaine 0.25%-EPINEPHrine 1:200,000 (MARCAINE-PF w/EPI) injection (30 mL)","1","0","1","EA","","Pharmacy","PRN"
"M-70802","VULVA, PERINEUM, AND INTROITUS  - FIGLER, B","Drug / Medication","lidocaine 1%-EPINEPHrine 1:100,000 injection (1 mL)","1","0","1","EA","","Pharmacy","PRN"
"M-70802","VULVA, PERINEUM, AND INTROITUS  - FIGLER, B","Drug / Medication","sterile water for irrigation (1,000 mL)","1","1","0","EA","","Pharmacy","Open"
"M-70802","VULVA, PERINEUM, AND INTROITUS  - FIGLER, B","Capital Equipment","Console RFID","1","1","0","EA","","OR Room / Core","Required: Yes"
"M-70802","VULVA, PERINEUM, AND INTROITUS  - FIGLER, B","Capital Equipment","ESU","1","1","0","EA","","OR Room / Core","Required: Yes"
"M-70802","VULVA, PERINEUM, AND INTROITUS  - FIGLER, B","Capital Equipment","Laser CO2 SSI","1","1","0","EA","","OR Room / Core","Required: Yes"
"M-70802","VULVA, PERINEUM, AND INTROITUS  - FIGLER, B","Capital Equipment","Sequential Compression Device","1","1","0","EA","","OR Room / Core","Required: Yes"
"M-70802","VULVA, PERINEUM, AND INTROITUS  - FIGLER, B","Capital Equipment","Suction Neptune","1","1","0","EA","","OR Room / Core","Required: Yes"
"M-70802","VULVA, PERINEUM, AND INTROITUS  - FIGLER, B","Capital Equipment","Warmer Forced Air","1","1","0","EA","","OR Room / Core","Required: Yes"
"M-70802","VULVA, PERINEUM, AND INTROITUS  - FIGLER, B","Instrument / Tray","HBR GEN Laser Handpieces CO","21","0","0","TRAY","","Sterile Processing / Core","Required: No"
"M-70802","VULVA, PERINEUM, AND INTROITUS  - FIGLER, B","Instrument / Tray","HBR URO Urology Minor","1","1","0","TRAY","","Sterile Processing / Core","Required: Yes"
"M-107797","VULVOPLASTY - FIGLER, B","Supply / Disposable",", 00888937015478Stay Surgical Elastic Single H Ook 5mm Blue3311-1GEANote: Lithotomy 110HBROR - A3C1-18013263Forcep Bipolar Cautery Bayonet Insulated20-1370I","8","8","0","EA","","HBROR - A1C3-27014783","Required"
"M-107797","VULVOPLASTY - FIGLER, B","Supply / Disposable",", 10884524000077Pad Ground Electrode Adl 30lb D-319853-026613 R-01420E7507","1","1","0","EA","","HBROR - A3C1-41100642","Required"
"M-107797","VULVOPLASTY - FIGLER, B","Supply / Disposable",", 10884524000053Pencil Cautery Electrosurg W/Holster 50/CaE2516H","1","1","0","EA","","HBROR - A3C1-6050934","Required"
"M-107797","VULVOPLASTY - FIGLER, B","Supply / Disposable",", 10885380072437Tubing Suction Noncond 20ft St Maxi-Grip 20/CaCFN620A","2","2","0","EA","","HBROR - A3C3-4001943","Required"
"M-107797","VULVOPLASTY - FIGLER, B","Supply / Disposable",", 20884527005557BOWL SOLUTION 16OZ POLY DISP ST LF 75/","2","2","0","CA","","HBROR - A3C4-2001407","Required"
"M-107797","VULVOPLASTY - FIGLER, B","Supply / Disposable","00","6","1","0","EA","","","Required"
"M-107797","VULVOPLASTY - FIGLER, B","Supply / Disposable",", 10884521007819PLUG CATHETER DRAINAGE PROTECTOR CA/50 R-3446221600","1","1","0","EA","","HBROR - A3C5-8 001702","Required"
"M-107797","VULVOPLASTY - FIGLER, B","Supply / Disposable",", 10885380027291GLOVE SURG SZ 7.5 CREAM SYNTHETIC LF PF PROTEXIS PI M2D73PM75","4","2","2","EA","","HBROR - A4C3-13051084","Required"
"M-107797","VULVOPLASTY - FIGLER, B","Supply / Disposable",", 10885380027390GLOVE SURG SZ 7 BLUE W/NEU-THERA LF PF ST PROTEXIS PI 2D73EB70","1","1","0","EA","","HBROR - A4C3-19051132","Required"
"M-107797","VULVOPLASTY - FIGLER, B","Supply / Disposable",", 10885380027406GLOVE SURG SZ 7.5 BLUE W/NEU-THERA LF PF ST PROTEXIS 2D73EB75","2","1","1","EA","","HBROR - A4C3-20051133","Required"
"M-107797","VULVOPLASTY - FIGLER, B","Supply / Disposable",", 10885380031939GLOVE SURG SZ 6.5 CREAM SYNTHETIC LF PF ST PROTEXIS P2D72PT65X","1","1","0","EA","","HBROR - A4C3-3051090","Required"
"M-107797","VULVOPLASTY - FIGLER, B","Supply / Disposable",", 10884521104372Stapler Skin Appose 35 Wide 12/Bx 48/Ca D-027582-10108886803712","2","2","0","EA","","HBROR - A5C2-22051924","Required"
"M-107797","VULVOPLASTY - FIGLER, B","Supply / Disposable",", 00382903028306Syringe 20ml Ll 48/Bx Ca/192 N-396178302830","1","1","0","EA","","HBROR - A5C3-1051860","Required"
"M-107797","VULVOPLASTY - FIGLER, B","Supply / Disposable",", 00382903051960NDL HYPODERMIC 18 GA 1.5IN REG BEVEL PRECISIONGLIDE 305196","1","1","0","EA","","HBROR - A5C3-12000553","Required"
"M-107797","VULVOPLASTY - FIGLER, B","Supply / Disposable",", 10885380107979Drape Cover Mayo Stand 30/Ca8337","1","1","0","EA","","HBROR - A5C5-8002056","Required"
"M-107797","VULVOPLASTY - FIGLER, B","Supply / Disposable",", 10884521700956Sponge Lap Rfd 18x18 Str 5/Pk 40pk/Ca S-INST-0631-118L1818-04P01C-1","2","2","0","PK","","HBROR - A6C1-11050697","Required"
"M-107797","VULVOPLASTY - FIGLER, B","Supply / Disposable",", 00707387807832Dsg Tegaderm Frame 20x30cm 10p K/Bx D-3143671629","1","1","0","EA","","HBROR - A6C2-15002169","Required"
"M-107797","VULVOPLASTY - FIGLER, B","Supply / Disposable",", 00653405002171Cord Bipolar 12ft Disp135166","1","0","1","EA","","HBROR362918Panties Mesh Xl 45in-70in O-002041MSC86400EA110HBROR448590PACK MINOR UROLOGYDYNJT7137EA110HBROR010894","Required"
"M-107797","VULVOPLASTY - FIGLER, B","Supply / Disposable","/3 Towels127338A","1","1","0","EA","","HBROR032790Pack 4 Gown W","Required"
"M-107797","VULVOPLASTY - FIGLER, B","Supply / Disposable","/CA S-317945/444131 2F7114","2","2","0","EA","","HBROR051941SOLN IRRIG H2O ST 1000ML BTL 12","Required"
"M-107797","VULVOPLASTY - FIGLER, B","Supply / Disposable",", 10193489378023Set Marker Skin Utility W/Lab Els O-395055LBL0001291","1","1","0","EA","","HBROR052795SLEEVE SCD KNEE LENGTH MED 21IN BLENDED EXPRESS KENDA9529BPR110HBROR053921Chloraprep 26ml Orng St O-050864930815EA101HBROR054140","Required"
"M-107797","VULVOPLASTY - FIGLER, B","Supply / Disposable",", 10884521713321Electrode Stnls Stl Ndl 1.1in D-026608E1552","1","1","0","EA","","HBROR100014","Required"
"M-107797","VULVOPLASTY - FIGLER, B","Supply / Disposable",", 00801741029752Cath Foley Silc 16fr 5ml 12/Ca N-001480165816","2","1","1","EA","","HBROR101539","Required"
"M-107797","VULVOPLASTY - FIGLER, B","Supply / Disposable",", 00842351190005System Wound Irrigation 450ml Debridement Irrisept ISEPT-450-USA","1","0","1","EA","","HBROR135718","Required"
"M-107797","VULVOPLASTY - FIGLER, B","Supply / Disposable",", 80080196288419Legging Lithotomy Convt R-002147DYNJP2461","1","1","0","EA","","HBROR220255","Required"
"M-107797","VULVOPLASTY - FIGLER, B","Supply / Disposable",", 00707387775162Blanket Upper Body R-00137442234","1","1","0","EA","","HBROR224118","Required"
"M-107797","VULVOPLASTY - FIGLER, B","Supply / Disposable",", 10888277107465Tip Suction Yankau Std On OffOR164","1","1","0","EA","","HBROR266357","Required"
"M-107797","VULVOPLASTY - FIGLER, B","Supply / Disposable",", 00801741029509BAG DRAINAGE URINE 2000ML 48IN TUBE ANTI REFLUX CHAMB154002","1","0","1","EA","","HBROR315222","Required"
"M-107797","VULVOPLASTY - FIGLER, B","Supply / Disposable",", 10885380142994Drape Lithotomy 35x44x102in Lf St Disp29455","1","0","1","EA","","HBROR357149","Required"
"M-107797","VULVOPLASTY - FIGLER, B","Supply / Disposable",", 10884521741096Dissector Ligasure Exact 40 D EgLF2019","1","1","0","EA","","HBROR390180","Required"
"M-107797","VULVOPLASTY - FIGLER, B","Supply / Disposable",", 10080196Lube Jelly 2oz St Flip Top Tub E O-051123 R-395032 MDS032285","1","1","0","EA","","HBROR395053","Required"
"M-107797","VULVOPLASTY - FIGLER, B","Supply / Disposable","HBROR422025, 10080196845095DRESSING GAUZE ROLL 3.4INX3.6YD 6 PLY COTTON LF ST BUNON25861","2","9","1","EA","588660","","Required"
"M-107797","VULVOPLASTY - FIGLER, B","Drug / Medication","EPINEPHrine (PEDIATRIC) 30 mg/1000 mL (30 mcg/mL) in NS topical solution0. (03 mL)","1","1","0","EA","","Pharmacy","Open"
"M-107797","VULVOPLASTY - FIGLER, B","Drug / Medication","OR injection builder (0 mL)","1","0","1","EA","","Pharmacy","PRN"
"M-107797","VULVOPLASTY - FIGLER, B","Drug / Medication","bacitracin ointment (1 Application)","3","3","0","EA","","Pharmacy","Open"
"M-107797","VULVOPLASTY - FIGLER, B","Drug / Medication","bupivacaine 0.25%-EPINEPHrine 1:200,000 (MARCAINE-PF w/EPI) injection (0 mL)","2","0","2","EA","","Pharmacy","PRN"
"M-107797","VULVOPLASTY - FIGLER, B","Drug / Medication","sodium chloride 0.9% (NS) irrigation (1 mL)","1","1","0","EA","","Pharmacy","Open"
"M-107797","VULVOPLASTY - FIGLER, B","Drug / Medication","sterile water for irrigation (1,000 mL)","2","2","0","EA","","Pharmacy","Open"
"M-107797","VULVOPLASTY - FIGLER, B","Drug / Medication","thrombin-fibrinogen-aprotin-Ca (ARTISS) 10 mL topical syringe (10 mL)","1","0","1","EA","","Pharmacy","PRN"
"M-107797","VULVOPLASTY - FIGLER, B","Capital Equipment","Console RFID","1","1","0","EA","","OR Room / Core","Required: Yes"
"M-107797","VULVOPLASTY - FIGLER, B","Capital Equipment","ESU","2","2","0","EA","","OR Room / Core","Required: Yes"
"M-107797","VULVOPLASTY - FIGLER, B","Capital Equipment","2 needed for vaginoplasty casesGenerator Ligasure","1","1","0","EA","","OR Room / Core","Required: Yes"
"M-107797","VULVOPLASTY - FIGLER, B","Capital Equipment","Sequential Compression Device","1","1","0","EA","","OR Room / Core","Required: Yes"
"M-107797","VULVOPLASTY - FIGLER, B","Capital Equipment","Stand Mayo","2","2","0","EA","","OR Room / Core","Required: Yes"
"M-107797","VULVOPLASTY - FIGLER, B","Capital Equipment","Suction Neptune","1","1","0","EA","","OR Room / Core","Required: Yes"
"M-107797","VULVOPLASTY - FIGLER, B","Capital Equipment","Table Back Large","2","2","0","EA","","OR Room / Core","Required: Yes"
"M-107797","VULVOPLASTY - FIGLER, B","Capital Equipment","Table OR Trumpf 7000","1","1","0","EA","","OR Room / Core","Required: Yes"
"M-107797","VULVOPLASTY - FIGLER, B","Capital Equipment","Warmer Forced Air","1","1","0","EA","","OR Room / Core","Required: Yes"
"M-107797","VULVOPLASTY - FIGLER, B","Instrument / Tray","HBR URO Perineal Bookwalter A","1","1","0","TRAY","","Sterile Processing / Core","Required: Yes"
"M-107797","VULVOPLASTY - FIGLER, B","Instrument / Tray","HBR URO Perineal Bookwalter B","1","1","0","TRAY","","Sterile Processing / Core","Required: Yes"
"M-107797","VULVOPLASTY - FIGLER, B","Instrument / Tray","HBR URO Urology Minor","1","1","0","TRAY","","Sterile Processing / Core","Required: Yes"
